id,original query
1,"WITH RECURSIVE ""seq"" AS (SELECT 1 AS ""value"" UNION ALL SELECT ""value""+1 AS ""value"" FROM ""seq"" WHERE ""value""<(SELECT MAX(""customer_id"") FROM ""Customers"")) SELECT ""seq"".""value"" AS ""ids"" FROM ""seq"" LEFT JOIN ""Customers"" AS ""C"" ON ""seq"".""value""=""C"".""customer_id"" WHERE ""C"".""customer_id"" IS NULL"
2,"WITH RECURSIVE ""id_table"" AS (SELECT 1 AS ""id"" UNION ALL SELECT ""id""+1 FROM ""id_table"" WHERE ""Id""<(SELECT MAX(""customer_id"") FROM ""Customers"")) SELECT ""id"" AS ""ids"" FROM ""id_table"" WHERE ""id"" NOT IN (SELECT ""customer_id"" FROM ""Customers"")"
3,"WITH RECURSIVE ""CTE"" (""ids"") AS (SELECT 1 AS ""ids"" UNION ALL SELECT ""ids""+1 FROM ""CTE"" WHERE ""ids""<(SELECT MAX(""customer_id"") FROM ""Customers"")) SELECT ""ids"" FROM ""CTE"" WHERE ""ids"" NOT IN (SELECT ""customer_id"" FROM ""Customers"") ORDER BY 1"
4,"WITH RECURSIVE ""cte"" (""n"") AS (SELECT 1 UNION ALL SELECT ""n""+1 FROM ""cte"" WHERE ""n""<100) SELECT ""n"" AS ""ids"" FROM ""cte"" WHERE ""n"" NOT IN (SELECT ""customer_id"" FROM ""Customers"") AND ""n""<(SELECT MAX(""customer_id"") FROM ""Customers"")"
5,"WITH RECURSIVE ""CTE"" AS (SELECT 1 AS ""ids"" UNION ALL SELECT ""ids""+1 AS ""ids"" FROM ""CTE"" WHERE ""ids""<(SELECT MAX(""customer_id"") FROM ""Customers"")) SELECT ""ids"" FROM ""CTE"" WHERE ""ids"" NOT IN (SELECT ""customer_id"" FROM ""Customers"") ORDER BY 1"
6,"WITH RECURSIVE ""t"" AS (SELECT 1 AS ""ids"" UNION ALL SELECT ""ids""+1 FROM ""t"" WHERE ""ids""<(SELECT MAX(""customer_id"") FROM ""Customers"")) SELECT ""ids"" FROM ""t"" WHERE ""ids"" NOT IN (SELECT ""customer_id"" FROM ""Customers"") ORDER BY ""ids"""
7,"WITH RECURSIVE ""itr"" AS (SELECT 1 AS ""ids"" UNION ALL SELECT ""ids""+1 FROM ""itr"" WHERE ""ids""<(SELECT MAX(""customer_id"") FROM ""customers"")) SELECT ""ids"" FROM ""itr"" WHERE ""ids"" NOT IN (SELECT ""customer_id"" FROM ""customers"")"
8,"WITH RECURSIVE ""seq"" AS (SELECT 1 AS ""value"" UNION ALL SELECT ""value""+1 FROM ""seq"" WHERE ""value""<(SELECT MAX(""customer_id"") FROM ""Customers"")) SELECT DISTINCT ""s"".""value"" AS ""ids"" FROM (""seq"" AS ""s"") JOIN ""Customers"" AS ""c"" WHERE ""s"".""value"" NOT IN (SELECT ""customer_id"" FROM ""Customers"") ORDER BY 1"
9,"WITH RECURSIVE ""all_ids"" AS (SELECT 1 AS ""id"" UNION ALL SELECT ""id""+1 AS ""id"" FROM ""all_ids"" WHERE ""id""<(SELECT MAX(""customer_id"") AS ""max_id"" FROM ""customers"")) SELECT ""id"" AS ""ids"" FROM ""all_ids"" WHERE ""id"" NOT IN (SELECT ""customer_id"" FROM ""customers"")"
10,"WITH RECURSIVE ""seq"" AS (SELECT 1 AS ""value"" UNION ALL SELECT ""value""+1 FROM ""seq"" WHERE ""value""<100) SELECT ""value"" AS ""ids"" FROM ""seq"" WHERE 1=1 AND ""value""<(SELECT MAX(""customer_id"") FROM ""Customers"") AND ""value"" NOT IN (SELECT ""customer_id"" FROM ""Customers"")"
11,"WITH RECURSIVE ""cte"" AS (SELECT 1 AS ""ids"" FROM ""Customers"" UNION SELECT ""ids""+1 FROM ""cte"" WHERE ""ids""<(SELECT MAX(""customer_id"") FROM ""Customers"")) SELECT ""ids"" FROM ""cte"" WHERE ""ids"" NOT IN (SELECT ""customer_id"" FROM ""Customers"")"
12,"WITH RECURSIVE ""temp"" AS (SELECT 1 AS ""continued_id"" UNION SELECT ""continued_id""+1 FROM ""temp"" WHERE ""continued_id""<(SELECT MAX(""customer_id"") FROM ""Customers"")) SELECT ""continued_id"" AS ""ids"" FROM ""temp"" WHERE ""continued_id"" NOT IN (SELECT ""customer_id"" FROM ""Customers"")"
13,"WITH RECURSIVE ""id_seq"" AS (SELECT 1 AS ""continued_id"" UNION SELECT ""continued_id""+1 FROM ""id_seq"" WHERE ""continued_id""<(SELECT MAX(""customer_id"") FROM ""Customers"")) SELECT ""continued_id"" AS ""ids"" FROM ""id_seq"" WHERE ""continued_id"" NOT IN (SELECT ""customer_id"" FROM ""Customers"")"
14,"SELECT ""ids"" FROM (SELECT ""b""*10+""a"" AS ""ids"" FROM (SELECT 0 AS ""a"" UNION ALL SELECT 1 UNION ALL SELECT 2 UNION ALL SELECT 3 UNION ALL SELECT 4 UNION ALL SELECT 5 UNION ALL SELECT 6 UNION ALL SELECT 7 UNION ALL SELECT 8 UNION ALL SELECT 9) AS ""t1"", (SELECT 0 AS ""b"" UNION ALL SELECT 1 UNION ALL SELECT 2 UNION ALL SELECT 3 UNION ALL SELECT 4 UNION ALL SELECT 5 UNION ALL SELECT 6 UNION ALL SELECT 7 UNION ALL SELECT 8 UNION ALL SELECT 9) AS ""t2"" ORDER BY 1) AS ""t"" WHERE ""ids"">=1 AND ""ids""<=(SELECT MAX(""customer_id"") FROM ""Customers"") AND ""ids"" NOT IN (SELECT ""customer_id"" FROM ""Customers"") ORDER BY ""ids"""
15,"WITH RECURSIVE ""cte"" (""id"") AS (SELECT 1 AS ""id"" UNION ALL SELECT ""id""+1 FROM ""cte"" WHERE ""id""<(SELECT MAX(""customer_id"") FROM ""Customers"")) SELECT DISTINCT ""id"" AS ""ids"" FROM ""cte"" WHERE ""id"" NOT IN (SELECT DISTINCT ""customer_id"" FROM ""Customers"")"
16,"WITH RECURSIVE ""tot"" (""ids"") AS (SELECT 1 UNION SELECT ""ids""+1 FROM ""tot"" WHERE ""ids""<(SELECT MAX(""customer_id"") FROM ""customers"")) SELECT ""ids"" FROM ""tot"" LEFT JOIN ""Customers"" ON ""ids""=""customer_id"" WHERE ""customer_id"" IS NULL"
17,"WITH RECURSIVE ""CTE"" AS (SELECT 1 AS ""id"",MAX(""c"".""customer_id"") AS ""Max_Id"" FROM ""Customers"" AS ""c"" UNION ALL SELECT ""id""+1,""Max_Id"" FROM ""CTE"" WHERE ""id""<""Max_id"") SELECT ""id"" AS ""ids"" FROM ""CTE"" AS ""c"" WHERE ""c"".""id"" NOT IN (SELECT ""customer_id"" FROM ""Customers"") ORDER BY 1"
18,"WITH RECURSIVE ""cte"" (""ids"") AS (SELECT 1 UNION SELECT ""ids""+1 FROM ""cte"" WHERE ""ids""<(SELECT MAX(""customer_id"") FROM ""customers"")) SELECT ""ids"" FROM ""cte"" WHERE ""ids"" NOT IN (SELECT ""ids"" FROM ""cte"" JOIN ""customers"" ON ""cte"".""ids""=""customers"".""customer_id"")"
19,"WITH RECURSIVE ""cte"" AS (SELECT 1 AS ""id"" UNION ALL SELECT ""id""+1 AS ""id"" FROM ""cte"" WHERE ""id""<(SELECT MAX(""customer_id"") FROM ""customers"")) SELECT ""id"" AS ""ids"" FROM ""cte"" AS ""c"" LEFT JOIN ""customers"" AS ""cust"" ON ""c"".""id""=""cust"".""customer_id"" WHERE ""cust"".""customer_id"" IS NULL"
20,"WITH RECURSIVE ""cte"" (""n"") AS (SELECT 1 UNION ALL SELECT ""n""+1 FROM ""cte"" WHERE ""n""<100) SELECT ""n"" AS ""ids"" FROM ""cte"" WHERE ""n"" NOT IN (SELECT ""customer_id"" FROM ""Customers"") AND ""n""<(SELECT MAX(""customer_id"") FROM ""Customers"")"
21,"WITH RECURSIVE ""id_seq"" AS (SELECT 1 AS ""ids"" UNION SELECT ""ids""+1 FROM ""id_seq"" WHERE ""ids""<(SELECT MAX(""customer_id"") FROM ""customers"")) SELECT ""ids"" FROM ""id_seq"" LEFT JOIN ""customers"" ON ""ids""=""customer_id"" WHERE ""customer_id"" IS NULL"
22,"WITH RECURSIVE ""all_ids"" AS (SELECT 1 AS ""id"" UNION ALL SELECT ""id""+1 AS ""id"" FROM ""all_ids"" WHERE ""id""<(SELECT MAX(""customer_id"") AS ""max_id"" FROM ""customers"")) SELECT ""id"" AS ""ids"" FROM ""all_ids"" WHERE ""id"" NOT IN (SELECT ""customer_id"" FROM ""customers"")"
23,"WITH RECURSIVE ""id"" AS (SELECT 1 AS ""num"" UNION ALL SELECT ""num""+1 FROM ""id"" WHERE ""num""<(SELECT MAX(""customer_id"") FROM ""customers"")) SELECT ""num"" AS ""ids"" FROM ""id"" WHERE ""num"" NOT IN (SELECT ""customer_id"" FROM ""customers"")"
24,"WITH RECURSIVE ""cte"" AS (SELECT 1 AS ""customer_id"" UNION ALL SELECT ""customer_id""+1 AS ""customer_id"" FROM ""cte"" WHERE ""customer_id""<(SELECT MAX(""customer_id"") FROM ""Customers"")) SELECT ""customer_id"" AS ""ids"" FROM ""cte"" WHERE ""customer_id"" NOT IN (SELECT DISTINCT ""customer_id"" FROM ""customers"") ORDER BY 1"
25,"WITH RECURSIVE ""cte"" AS (SELECT 1 AS ""customer_id"" FROM ""Customers"" UNION ALL SELECT ""customer_id""+1 FROM ""cte"" WHERE ""customer_id""<(SELECT MAX(""customer_id"") FROM ""Customers"")) SELECT DISTINCT ""cte"".""customer_id"" AS ""ids"" FROM ""cte"" LEFT JOIN ""Customers"" AS ""c"" USING (""customer_id"") WHERE ""c"".""customer_id"" IS NULL"
26,"WITH RECURSIVE ""all_id"" AS (SELECT 1 AS ""ids"" UNION ALL SELECT ""ids""+1 FROM ""all_id"" WHERE ""ids""<(SELECT MAX(""customer_id"") FROM ""Customers"")) SELECT ""ids"" FROM ""all_id"" LEFT JOIN ""Customers"" ON ""ids""=""customer_id"" WHERE ""customer_id"" IS NULL ORDER BY 1"
27,"WITH RECURSIVE ""cte"" (""n"") AS (SELECT 1 UNION ALL SELECT ""n""+1 FROM ""cte"" WHERE ""n""<(SELECT MAX(""customer_id"") FROM ""customers"")) SELECT ""n"" AS ""ids"" FROM ""cte"" WHERE ""n"" NOT IN (SELECT ""customer_id"" FROM ""customers"") ORDER BY ""n"""
28,"WITH RECURSIVE ""seq"" AS (SELECT 1 AS ""value"" UNION ALL SELECT ""value""+1 FROM ""seq"" WHERE ""value""<(SELECT MAX(""customer_id"") FROM ""Customers"")) SELECT DISTINCT ""t1"".""value"" AS ""ids"" FROM ""seq"" AS ""t1"" LEFT JOIN ""Customers"" AS ""t2"" ON ""t1"".""value""=""t2"".""customer_id"" WHERE ""t2"".""customer_id"" IS NULL ORDER BY ""ids"""
29,"WITH RECURSIVE ""ran_id"" AS ((SELECT 1 AS ""id"") UNION ALL (SELECT ""id""+1 FROM ""ran_id"" WHERE ""id""<(SELECT MAX(""customer_id"") FROM ""Customers""))) SELECT ""r"".""id"" AS ""ids"" FROM ""ran_id"" AS ""r"" LEFT JOIN ""Customers"" AS ""c"" ON ""c"".""customer_id""=""r"".""id"" WHERE ""customer_name"" IS NULL ORDER BY ""r"".""id"""
30,"WITH RECURSIVE ""all_ids"" AS (SELECT 1 AS ""value"" UNION ALL SELECT ""value""+1 AS ""value"" FROM ""all_ids"" WHERE ""all_ids"".""value""<(SELECT MAX(""customer_id"") FROM ""Customers"")) SELECT ""value"" AS ""ids"" FROM ""all_ids"" WHERE ""value"" NOT IN (SELECT ""customer_id"" FROM ""Customers"") ORDER BY 1"
31,"WITH RECURSIVE ""cte"" (""n"") AS (SELECT 1 UNION ALL SELECT 1+""n"" FROM ""cte"" WHERE ""n""<(SELECT MAX(""customer_id"") FROM ""Customers"")) SELECT ""n"" AS ""ids"" FROM ""cte"" WHERE ""n"" NOT IN (SELECT ""customer_id"" FROM ""customers"") ORDER BY ""ids"""
32,"WITH RECURSIVE ""number"" AS (SELECT 1 AS ""n"" UNION ALL SELECT ""n""+1 FROM ""number"" WHERE ""n""<(SELECT MAX(""customer_id"") FROM ""customers"")) SELECT ""n"".""n"" AS ""ids"" FROM ""number"" AS ""n"" LEFT JOIN ""customers"" AS ""c"" ON ""c"".""customer_id""=""n"".""n"" WHERE ""c"".""customer_id"" IS NULL"
33,"WITH RECURSIVE ""cte"" AS (SELECT 1 AS ""ids"" UNION ALL SELECT ""ids""+1 FROM ""cte"" WHERE ""ids""<(SELECT MAX(""customer_id"") FROM ""Customers"")) SELECT ""ids"" FROM ""cte"" WHERE ""cte"".""ids"" NOT IN (SELECT ""customer_id"" FROM ""customers"")"
34,"WITH RECURSIVE ""cte"" (""ids"") AS (SELECT 1 UNION ALL SELECT ""ids""+1 FROM ""cte"" WHERE ""ids""<(SELECT MAX(""customer_id"") FROM ""customers"")) SELECT ""c1"".""ids"" FROM ""cte"" AS ""c1"" LEFT JOIN ""customers"" AS ""c2"" ON ""c1"".""ids""=""c2"".""customer_id"" WHERE ""c2"".""customer_id"" IS NULL"
35,"WITH RECURSIVE ""id_table"" AS (SELECT 1 AS ""id"" UNION ALL SELECT ""id""+1 FROM ""id_table"" WHERE ""Id""<(SELECT MAX(""customer_id"") FROM ""Customers"")) SELECT ""id"" AS ""ids"" FROM ""Customers"" AS ""c"" RIGHT JOIN ""id_table"" AS ""i"" ON ""c"".""customer_id""=""i"".""id"" WHERE ""customer_id"" IS NULL"
36,"WITH RECURSIVE ""CTE"" AS (SELECT 1 AS ""id"",MAX(""c"".""customer_id"") AS ""Max_Id"" FROM ""Customers"" AS ""c"" UNION ALL SELECT ""id""+1,""Max_Id"" FROM ""CTE"" WHERE ""id""<""Max_id"") SELECT ""id"" AS ""ids"" FROM ""CTE"" AS ""c"" WHERE ""c"".""id"" NOT IN (SELECT ""customer_id"" FROM ""Customers"") ORDER BY 1"
37,"WITH RECURSIVE ""CTE"" AS (SELECT 1 AS ""customer_id"" UNION SELECT 1+""customer_id"" FROM ""CTE"" WHERE ""customer_id""<=99) SELECT ""d1"".""customer_id"" AS ""ids"" FROM ""CTE"" AS ""d1"" LEFT JOIN ""Customers"" AS ""d2"" ON ""d1"".""customer_id""=""d2"".""customer_id"" WHERE ""d1"".""customer_id""<=(SELECT MAX(""customer_id"") FROM ""Customers"") AND ""d2"".""customer_id"" IS NULL ORDER BY 1"
38,"WITH RECURSIVE ""cte"" (""n"") AS (SELECT 1 UNION ALL SELECT ""n""+1 FROM ""cte"" WHERE ""n""+1<=(SELECT MAX(""customer_id"") FROM ""customers"")) SELECT ""a"".""n"" AS ""ids"" FROM ""cte"" AS ""a"" LEFT JOIN ""customers"" AS ""b"" ON ""a"".""n""=""b"".""customer_id"" WHERE ""b"".""customer_id"" IS NULL"
39,"WITH RECURSIVE ""se"" AS (SELECT 1 AS ""ids"" UNION ALL SELECT ""ids""+1 AS ""ids"" FROM ""se"" WHERE ""ids""<(SELECT MAX(""customer_id"") FROM ""Customers"")) SELECT ""ids"" FROM ""se"" WHERE ""ids"" NOT IN (SELECT ""customer_id"" FROM ""Customers"") ORDER BY 1"
40,"WITH RECURSIVE ""tmp"" AS (SELECT 1 AS ""seq_id"" UNION ALL SELECT 1+""seq_id"" AS ""seq_id"" FROM ""tmp"" WHERE ""seq_id""<(SELECT MAX(""customer_id"") FROM ""customers"")) SELECT ""seq_id"" AS ""ids"" FROM ""tmp"" AS ""a"" LEFT JOIN ""customers"" AS ""b"" ON ""a"".""seq_id""=""b"".""customer_id"" WHERE ""b"".""customer_id"" IS NULL ORDER BY 1"
41,"WITH RECURSIVE ""fullset"" (""id"") AS (SELECT 1 UNION SELECT ""id""+1 FROM ""fullset"" WHERE ""id""<(SELECT MAX(""customer_id"") FROM ""Customers"")), ""idset"" AS (SELECT ""customer_id"" AS ""id"" FROM ""customers"") SELECT ""id"" AS ""ids"" FROM ""fullset"" WHERE ""id"" NOT IN (SELECT * FROM ""idset"")"
42,"WITH RECURSIVE ""cte"" AS (SELECT 1 AS ""num"" UNION ALL SELECT ""num""+1 AS ""num"" FROM ""cte"" WHERE ""num""<100) SELECT ""cte"".""num"" AS ""ids"" FROM ""cte"" LEFT JOIN ""customers"" AS ""c"" ON ""cte"".""num""=""c"".""customer_id"" WHERE ""c"".""customer_id"" IS NULL AND ""cte"".""num""<(SELECT MAX(""customer_id"") FROM ""customers"") ORDER BY ""cte"".""num"""
43,"WITH RECURSIVE ""cte"" AS (SELECT 1 AS ""ids"" UNION ALL SELECT ""ids""+1 FROM ""cte"" WHERE ""ids""<(SELECT MAX(""customer_id"") FROM ""customers"")) SELECT ""a"".* FROM ""cte"" AS ""a"" LEFT JOIN ""customers"" AS ""b"" ON ""a"".""ids""=""b"".""customer_id"" WHERE ""b"".""customer_id"" IS NULL ORDER BY 1"
44,"WITH RECURSIVE ""id"" AS (SELECT 1 AS ""continued_id"" UNION SELECT ""continued_id""+1 FROM ""id"" WHERE ""continued_id""<(SELECT MAX(""customer_id"") FROM ""customers"")) SELECT ""continued_id"" AS ""ids"" FROM ""id"" WHERE ""continued_id"" NOT IN (SELECT ""customer_id"" FROM ""customers"")"
45,"WITH RECURSIVE ""CTE"" AS (SELECT 1 AS ""num"" UNION ALL SELECT 1+""num"" FROM ""CTE"" WHERE ""num""<(SELECT MAX(""customer_id"") FROM ""Customers"")) SELECT ""cte"".""num"" AS ""ids"" FROM ""CTE"" LEFT JOIN ""customers"" AS ""cu"" ON ""cte"".""num""=""cu"".""customer_id"" WHERE ""cu"".""customer_id"" IS NULL"
46,"WITH RECURSIVE ""seq"" AS (SELECT 1 AS ""value"" UNION ALL SELECT ""value""+1 FROM ""seq"" WHERE ""value""<(SELECT MAX(""customer_id"") FROM ""customers"")) SELECT ""value"" AS ""ids"" FROM ""seq"" WHERE ""value"" NOT IN (SELECT ""customer_id"" FROM ""customers"")"
47,"WITH RECURSIVE ""id_seq"" AS (SELECT 1 AS ""continued_id"" UNION SELECT ""continued_id""+1 FROM ""id_seq"" WHERE ""continued_id""<(SELECT MAX(""customer_id"") FROM ""Customers"")) SELECT ""continued_id"" AS ""ids"" FROM ""id_seq"" WHERE ""continued_id"" NOT IN (SELECT ""customer_id"" FROM ""Customers"")"
48,"WITH RECURSIVE ""cte"" AS (SELECT 1 AS ""ids"" UNION ALL SELECT ""ids""+1 FROM ""cte"" WHERE ""ids""<(SELECT MAX(""customer_id"") FROM ""customers"")) SELECT ""ids"" FROM ""cte"" WHERE ""ids"" NOT IN (SELECT ""customer_id"" FROM ""customers"")"
49,"WITH RECURSIVE ""cte"" (""ids"") AS (SELECT 1 AS ""ids"" UNION ALL SELECT ""ids""+1 FROM ""cte"" WHERE ""ids""<(SELECT MAX(""customer_id"") FROM ""Customers"")) SELECT ""ids"" FROM ""cte"" WHERE ""ids"" NOT IN (SELECT ""customer_id"" FROM ""Customers"") ORDER BY ""ids"""
50,"WITH RECURSIVE ""idtable"" AS (SELECT 1 AS ""n"" UNION ALL SELECT ""n""+1 FROM ""idtable"" WHERE ""n""<(SELECT MAX(""customer_id"") FROM ""Customers"")) SELECT ""idtable"".""n"" AS ""ids"" FROM ""idtable"" LEFT JOIN ""Customers"" ON ""idtable"".""n""=""Customers"".""customer_id"" WHERE ""Customers"".""customer_id"" IS NULL"
51,"WITH RECURSIVE ""A"" AS (SELECT 1 AS ""ids"" UNION SELECT ""ids""+1 FROM ""A"" WHERE ""ids""<(SELECT MAX(""customer_id"") FROM ""Customers"")) SELECT ""ids"" FROM ""A"" WHERE ""ids"" NOT IN (SELECT ""customer_id"" FROM ""Customers"") ORDER BY 1"
52,"WITH RECURSIVE ""seq"" AS (SELECT 1 AS ""value"" UNION ALL SELECT ""value""+1 FROM ""seq"" WHERE ""value""<(SELECT MAX(""customer_id"") FROM ""customers"")) SELECT ""value"" AS ""ids"" FROM ""seq"" WHERE ""value"" NOT IN (SELECT ""customer_id"" FROM ""customers"")"
53,"WITH RECURSIVE ""cte"" AS (SELECT 1 AS ""ids"" UNION ALL SELECT ""ids""+1 FROM ""cte"" WHERE ""ids""<(SELECT MAX(""customer_id"") FROM ""Customers"")) SELECT ""ids"" FROM ""cte"" WHERE ""ids"" NOT IN (SELECT ""customer_id"" FROM ""Customers"") ORDER BY 1"
54,"WITH RECURSIVE ""id_seq"" AS (SELECT 1 AS ""num"" UNION ALL SELECT ""num""+1 FROM ""id_seq"" WHERE ""num""<(SELECT MAX(""customer_id"") FROM ""Customers"")) SELECT ""num"" AS ""ids"" FROM ""id_seq"" WHERE ""num"" NOT IN (SELECT ""customer_id"" FROM ""Customers"")"
55,"WITH RECURSIVE ""seq"" AS (SELECT 1 AS ""value"" UNION ALL SELECT ""value""+1 FROM ""seq"" WHERE ""value""<(SELECT MAX(""customer_id"") FROM ""Customers"")) SELECT ""value"" AS ""ids"" FROM ""seq"" AS ""a"" LEFT JOIN ""Customers"" AS ""b"" ON ""a"".""value""=""b"".""customer_id"" WHERE ""b"".""customer_id"" IS NULL"
56,"WITH RECURSIVE ""recursion"" AS (SELECT 1 AS ""id"" UNION ALL SELECT ""id""+1 AS ""id"" FROM ""recursion"" WHERE ""id""<(SELECT MAX(""customer_id"") AS ""maxid"" FROM ""Customers"")) SELECT ""id"" AS ""ids"" FROM ""recursion"" WHERE ""id"" NOT IN (SELECT ""customer_id"" FROM ""Customers"")"
57,"WITH RECURSIVE ""ids"" AS (SELECT 1 AS ""id_num"" UNION SELECT ""id_num""+1 FROM ""ids"" WHERE ""id_num""<(SELECT MAX(""customer_id"") FROM ""Customers"")) SELECT ""id_num"" AS ""ids"" FROM ""ids"" WHERE ""id_num"" NOT IN (SELECT ""customer_id"" FROM ""Customers"")"
58,"WITH RECURSIVE ""id_table"" AS (SELECT 1 AS ""id"" UNION ALL SELECT ""id""+1 FROM ""id_table"" WHERE ""Id""<(SELECT MAX(""customer_id"") FROM ""Customers"")) SELECT ""id"" AS ""ids"" FROM ""Customers"" AS ""c"" RIGHT JOIN ""id_table"" AS ""i"" ON ""c"".""customer_id""=""i"".""id"" WHERE ""customer_id"" IS NULL"
59,"WITH RECURSIVE ""tmp"" AS (SELECT 1 AS ""n"" UNION ALL SELECT ""n""+1 FROM ""tmp"" WHERE ""n""<(SELECT MAX(""customer_id"") FROM ""Customers"")) SELECT ""t"".""n"" AS ""ids"" FROM ""tmp"" AS ""t"" LEFT JOIN ""Customers"" AS ""c"" ON ""t"".""n""=""c"".""customer_id"" WHERE ""c"".""customer_id"" IS NULL"
60,"WITH RECURSIVE ""missing_num"" (""ids"") AS (SELECT 1 AS ""ids"" FROM ""Customers"" UNION ALL SELECT ""ids""+1 FROM ""missing_num"" WHERE ""ids""<(SELECT MAX(""customer_id"") FROM ""Customers"")) SELECT DISTINCT ""ids"" FROM ""missing_num"" AS ""MN"" LEFT JOIN ""Customers"" AS ""C"" ON ""MN"".""ids""=""C"".""customer_id"" WHERE ""C"".""Customer_id"" IS NULL"
61,"WITH RECURSIVE ""cte"" (""cust_id"") AS (SELECT 1 UNION SELECT ""cust_id""+1 FROM ""cte"" WHERE ""cust_id""<(SELECT MAX(""customer_id"") FROM ""customers"")) SELECT ""cust_id"" AS ""ids"" FROM ""cte"" WHERE ""cust_id"" NOT IN (SELECT DISTINCT ""customer_id"" FROM ""customers"")"
62,"WITH RECURSIVE ""cte"" (""ids"") AS (SELECT 1 AS ""ids"" UNION ALL SELECT ""ids""+1 FROM ""cte"" WHERE ""ids""<(SELECT MAX(""customer_id"") FROM ""customers"")) SELECT ""ids"" FROM ""cte"" WHERE ""ids"" NOT IN (SELECT ""customer_id"" FROM ""customers"") ORDER BY ""ids"""
63,"WITH RECURSIVE ""seq"" AS (SELECT 1 AS ""value"" UNION ALL SELECT ""value""+1 FROM ""seq"" WHERE ""value""<(SELECT MAX(""customer_id"") FROM ""Customers"")) SELECT ""value"" AS ""ids"" FROM ""seq"" WHERE ""value"" NOT IN (SELECT ""customer_id"" FROM ""Customers"")"
64,"WITH RECURSIVE ""CTE"" (""ids"") AS (SELECT 1 AS ""ids"" UNION ALL SELECT 1+""ids"" AS ""ids"" FROM ""CTE"" WHERE ""ids""<(SELECT MAX(""customer_id"") FROM ""Customers"")) SELECT ""ids"" FROM ""CTE"" WHERE ""ids"" NOT IN (SELECT ""customer_id"" FROM ""Customers"") ORDER BY ""ids"""
65,"WITH RECURSIVE ""all_id"" AS (SELECT 1 AS ""ids"" UNION ALL SELECT ""ids""+1 FROM ""all_id"" WHERE ""ids""<(SELECT MAX(""customer_id"") FROM ""Customers"")) SELECT ""ids"" FROM ""all_id"" LEFT JOIN ""Customers"" ON ""ids""=""customer_id"" WHERE ""customer_id"" IS NULL ORDER BY 1"
66,"WITH RECURSIVE ""xid"" AS (SELECT 1 AS ""ids"" UNION ALL SELECT ""ids""+1 FROM ""xid"" WHERE ""ids""<(SELECT MAX(""customer_id"") FROM ""Customers"")) SELECT ""ids"" FROM ""xid"" AS ""t1"" LEFT JOIN ""Customers"" AS ""t2"" ON ""t1"".""ids""=""t2"".""customer_id"" WHERE ""t2"".""customer_id"" IS NULL"
67,"WITH RECURSIVE ""cte"" AS (SELECT 1 AS ""customer_id"" UNION ALL SELECT ""customer_id""+1 AS ""customer_id"" FROM ""cte"" WHERE ""customer_id""<(SELECT MAX(""customer_id"") FROM ""Customers"")) SELECT ""t1"".""customer_id"" AS ""ids"" FROM ""cte"" AS ""t1"" LEFT JOIN ""Customers"" AS ""t2"" ON ""t1"".""customer_id""=""t2"".""customer_id"" WHERE ""t2"".""customer_id"" IS NULL ORDER BY ""t1"".""customer_id"""
68,"WITH RECURSIVE ""cte"" (""customer_id"") AS (SELECT 1 UNION SELECT ""customer_id""+1 FROM ""cte"" WHERE ""customer_id""+1<=(SELECT MAX(""customer_id"") FROM ""customers"")) SELECT ""customer_id"" AS ""ids"" FROM ""cte"" WHERE ""customer_id"" NOT IN (SELECT ""customer_id"" FROM ""customers"")"
69,"WITH RECURSIVE ""temp0"" AS (SELECT 1 AS ""ids"" UNION ALL SELECT ""ids""+1 AS ""ids"" FROM ""temp0"" WHERE ""ids""<(SELECT MAX(""customer_id"") FROM ""Customers"")) SELECT ""ids"" FROM ""temp0"" WHERE ""ids"" NOT IN (SELECT ""customer_id"" FROM ""Customers"")"
70,"WITH RECURSIVE ""cte"" AS (SELECT 1 AS ""customer_id"" UNION ALL SELECT ""customer_id""+1 AS ""customer_id"" FROM ""cte"" WHERE ""customer_id""<(SELECT MAX(""customer_id"") FROM ""Customers"")) SELECT ""customer_id"" AS ""ids"" FROM ""cte"" WHERE ""customer_id"" NOT IN (SELECT ""customer_id"" FROM ""customers"") ORDER BY ""customer_id"""
71,"WITH RECURSIVE ""cte"" AS (SELECT 1 AS ""ids"" FROM ""Customers"" UNION SELECT ""ids""+1 FROM ""cte"" WHERE ""ids""<(SELECT MAX(""customer_id"") FROM ""Customers"")) SELECT ""ids"" FROM ""cte"" WHERE ""ids"" NOT IN (SELECT ""customer_id"" FROM ""Customers"")"
72,"WITH RECURSIVE ""cte"" AS (SELECT 1 AS ""customer_id"" UNION ALL SELECT ""customer_id""+1 AS ""customer_id"" FROM ""cte"" WHERE ""customer_id""<(SELECT MAX(""customer_id"") FROM ""Customers"")) SELECT ""t1"".""customer_id"" AS ""ids"" FROM ""cte"" AS ""t1"" LEFT JOIN ""Customers"" AS ""t2"" ON ""t1"".""customer_id""=""t2"".""customer_id"" WHERE ""t2"".""customer_id"" IS NULL ORDER BY ""t1"".""customer_id"""
73,"WITH RECURSIVE ""id_seq"" AS (SELECT 1 AS ""continued_id"" UNION SELECT ""continued_id""+1 FROM ""id_seq"" WHERE ""continued_id""<(SELECT MAX(""customer_id"") FROM ""Customers"")) SELECT ""i"".""continued_id"" AS ""ids"" FROM ""id_seq"" AS ""i"" LEFT JOIN ""Customers"" AS ""c"" ON ""i"".""continued_id""=""c"".""customer_id"" WHERE ""c"".""customer_name"" IS NULL"
74,"WITH RECURSIVE ""cte"" AS (SELECT 1 AS ""ids"" UNION ALL SELECT ""ids""+1 FROM ""cte"" WHERE ""ids""<(SELECT MAX(""customer_id"") FROM ""customers"")) SELECT ""ids"" FROM ""cte"" WHERE ""ids"" NOT IN (SELECT ""customer_id"" FROM ""customers"") ORDER BY ""ids"""
75,"WITH RECURSIVE ""new"" AS (SELECT 1 AS ""ids"" UNION ALL SELECT ""ids""+1 FROM ""new"" WHERE ""ids""<(SELECT MAX(""customer_id"") FROM ""customers"")) SELECT ""ids"" FROM ""new"" WHERE ""ids"" NOT IN (SELECT ""customer_id"" FROM ""customers"")"
76,"WITH RECURSIVE ""cte"" AS (SELECT 1 AS ""ids"" FROM ""Customers"" UNION SELECT ""ids""+1 FROM ""cte"" WHERE ""ids""<(SELECT MAX(""customer_id"") FROM ""Customers"")) SELECT * FROM ""cte"" WHERE ""ids"" NOT IN (SELECT ""customer_id"" FROM ""Customers"") ORDER BY ""ids"""
77,"WITH RECURSIVE ""nums"" (""idx"") AS (SELECT 1 AS ""idx"" UNION ALL SELECT ""idx""+1 AS ""idx"" FROM ""nums"" WHERE ""idx""+1<=(SELECT MAX(""customer_id"") FROM ""Customers"")) SELECT ""idx"" AS ""ids"" FROM ""nums"" WHERE ""idx"" NOT IN (SELECT ""customer_id"" FROM ""customers"")"
78,"WITH RECURSIVE ""cte"" AS (SELECT 1 AS ""customer_id"" UNION ALL SELECT ""customer_id""+1 AS ""customer_id"" FROM ""cte"" WHERE ""customer_id""<(SELECT MAX(""customer_id"") FROM ""Customers"")) SELECT ""cte"".""customer_id"" AS ""ids"" FROM ""cte"" LEFT JOIN ""Customers"" AS ""c"" ON ""cte"".""customer_id""=""c"".""customer_id"" WHERE ""cte"".""customer_id"" NOT IN (SELECT DISTINCT ""customer_id"" FROM ""Customers"")"
79,"WITH RECURSIVE ""cte"" AS (SELECT 1 AS ""num"" UNION ALL SELECT ""num""+1 FROM ""cte"" WHERE ""num""<=100) SELECT ""num"" AS ""ids"" FROM ""cte"" LEFT JOIN ""Customers"" AS ""c"" ON ""cte"".""num""=""c"".""customer_id"" WHERE ""customer_id"" IS NULL HAVING ""num""<=(SELECT MAX(""customer_id"") FROM ""Customers"")"
80,"WITH RECURSIVE ""seq"" AS (SELECT 1 AS ""value"" UNION SELECT ""value""+1 FROM ""seq"" WHERE ""value""<(SELECT MAX(""customer_id"") FROM ""Customers"")) SELECT DISTINCT ""tb1"".""value"" AS ""ids"" FROM ""seq"" AS ""tb1"" LEFT JOIN ""Customers"" AS ""tb2"" ON ""tb1"".""value""=""tb2"".""customer_id"" WHERE ""tb1"".""value"" NOT IN (SELECT ""customer_id"" FROM ""Customers"") ORDER BY ""ids"""
81,"WITH RECURSIVE ""r"" AS (SELECT 1 AS ""ids"" UNION ALL SELECT ""ids""+1 FROM ""r"" WHERE ""ids""<(SELECT MAX(""customer_id"") FROM ""customers"")) SELECT ""ids"" FROM ""r"" WHERE ""ids"" NOT IN (SELECT ""customer_id"" FROM ""customers"")"
82,"WITH RECURSIVE ""seq_id"" AS (SELECT 1 AS ""id"" UNION SELECT ""id""+1 FROM ""seq_id"" WHERE ""id""<(SELECT MAX(""customer_id"") FROM ""Customers"")) SELECT ""id"" AS ""ids"" FROM ""seq_id"" WHERE ""id"" NOT IN (SELECT ""customer_id"" FROM ""Customers"")"
83,"WITH RECURSIVE ""cte"" AS (SELECT 1 AS ""customer_id"" UNION ALL SELECT ""customer_id""+1 FROM ""cte"" WHERE ""customer_id""<(SELECT MAX(""customer_id"") FROM ""Customers"")) SELECT ""cte"".""customer_id"" AS ""ids"" FROM ""cte"" LEFT JOIN ""customers"" AS ""c"" ON ""cte"".""customer_id""=""c"".""customer_id"" WHERE ""c"".""customer_id"" IS NULL ORDER BY 1"
84,"WITH RECURSIVE ""all_ids"" AS (SELECT 1 AS ""id"" UNION ALL SELECT ""id""+1 AS ""id"" FROM ""all_ids"" WHERE ""id""<(SELECT MAX(""customer_id"") AS ""max_id"" FROM ""Customers"")) SELECT ""id"" AS ""ids"" FROM ""all_ids"" WHERE ""id"" NOT IN (SELECT ""customer_id"" FROM ""Customers"")"
85,"WITH RECURSIVE ""id"" AS (SELECT 1 AS ""num"" UNION ALL SELECT ""num""+1 FROM ""id"" WHERE ""num""<(SELECT MAX(""customer_id"") FROM ""Customers"")) SELECT ""num"" AS ""ids"" FROM ""id"" WHERE ""num"" NOT IN (SELECT ""customer_id"" FROM ""Customers"") ORDER BY ""ids"""
86,"WITH RECURSIVE ""cte"" AS (SELECT 1 AS ""customer_id"" UNION ALL SELECT ""customer_id""+1 AS ""customer_id"" FROM ""cte"" WHERE ""customer_id""<(SELECT MAX(""customer_id"") FROM ""Customers"")) SELECT ""t1"".""customer_id"" AS ""ids"" FROM ""cte"" AS ""t1"" LEFT JOIN ""Customers"" AS ""t2"" ON ""t1"".""customer_id""=""t2"".""customer_id"" WHERE ""t2"".""customer_id"" IS NULL ORDER BY ""t1"".""customer_id"""
87,"WITH RECURSIVE ""CTE"" (""ids"") AS (SELECT 1 AS ""ids"" UNION ALL SELECT ""ids""+1 FROM ""CTE"" WHERE ""ids""<(SELECT MAX(""customer_id"") FROM ""Customers"")) SELECT ""ids"" FROM ""CTE"" WHERE ""ids"" NOT IN (SELECT ""customer_id"" FROM ""Customers"") ORDER BY 1"
88,"WITH RECURSIVE ""cte"" AS (SELECT 1 AS ""ids"" UNION ALL SELECT ""ids""+1 FROM ""cte"" WHERE ""ids""<(SELECT MAX(""customer_id"") FROM ""customers"")) SELECT ""ids"" FROM ""cte"" WHERE ""ids"" NOT IN (SELECT ""customer_id"" FROM ""customers"")"
89,"WITH RECURSIVE ""id_seq"" AS (SELECT 1 AS ""continued_id"" UNION SELECT ""continued_id""+1 FROM ""id_seq"" WHERE ""continued_id""<(SELECT MAX(""customer_id"") FROM ""Customers"")) SELECT ""continued_id"" AS ""ids"" FROM ""id_seq"" WHERE ""continued_id"" NOT IN (SELECT ""customer_id"" FROM ""Customers"")"
90,"WITH RECURSIVE ""cte"" AS (SELECT 1 AS ""id"" UNION ALL SELECT ""id""+1 AS ""id"" FROM ""cte"" WHERE ""id""<(SELECT MAX(""customer_id"") FROM ""Customers"")) SELECT DISTINCT ""id"" AS ""ids"" FROM ""cte"" WHERE ""id"" NOT IN (SELECT ""customer_id"" FROM ""Customers"")"
91,"WITH RECURSIVE ""cte1"" (""n"") AS (SELECT 1 UNION SELECT ""n""+1 FROM ""cte1"" WHERE ""n""<100) SELECT ""cte1"".""n"" AS ""ids"" FROM ""cte1"" LEFT JOIN ""customers"" AS ""c"" ON ""cte1"".""n""=""c"".""customer_id"" WHERE ""c"".""customer_name"" IS NULL AND ""cte1"".""n""<(SELECT MAX(""customer_id"") FROM ""customers"")"
92,"WITH RECURSIVE ""CTE"" (""ids"") AS (SELECT 1 AS ""ids"" UNION ALL SELECT ""ids""+1 FROM ""CTE"" WHERE ""ids""<(SELECT MAX(""customer_id"") FROM ""Customers"")) SELECT ""ids"" FROM ""CTE"" WHERE ""ids"" NOT IN (SELECT ""customer_id"" FROM ""Customers"") ORDER BY 1"
93,"WITH RECURSIVE ""cte"" (""ids"") AS (SELECT 1 AS ""ids"" UNION ALL SELECT ""ids""+1 FROM ""cte"" WHERE ""ids""<(SELECT MAX(""customer_id"") FROM ""Customers"")) SELECT ""ids"" FROM ""cte"" WHERE ""ids"" NOT IN (SELECT ""customer_id"" FROM ""Customers"") ORDER BY 1"
94,"WITH RECURSIVE ""cte"" AS (SELECT 1 AS ""ids"" UNION ALL SELECT ""ids""+1 FROM ""cte"" WHERE ""ids""<(SELECT MAX(""customer_id"") FROM ""customers"")) SELECT * FROM ""cte"" WHERE ""ids"" NOT IN (SELECT ""customer_id"" FROM ""customers"")"
95,"WITH RECURSIVE ""cte"" (""n"") AS (SELECT 1 UNION ALL SELECT ""n""+1 FROM ""cte"" WHERE ""n""<100) SELECT ""n"" AS ""ids"" FROM ""cte"" WHERE ""n"" NOT IN (SELECT ""customer_id"" FROM ""Customers"") AND ""n""<(SELECT MAX(""customer_id"") FROM ""Customers"")"
96,"WITH RECURSIVE ""CTE"" AS (SELECT 1 AS ""ids"" FROM ""Customers"" UNION SELECT ""ids""+1 AS ""ids"" FROM ""CTE"" WHERE ""ids""<(SELECT MAX(""customer_id"") FROM ""Customers"")) SELECT ""ids"" FROM ""CTE"" WHERE ""ids"" NOT IN (SELECT ""customer_id"" FROM ""Customers"")"
97,"WITH RECURSIVE ""cte"" (""ids"") AS (SELECT 1 AS ""ids"" UNION ALL SELECT ""ids""+1 FROM ""cte"" WHERE ""ids""<(SELECT MAX(""customer_id"") FROM ""Customers"")) SELECT ""ids"" FROM ""cte"" WHERE ""ids"" NOT IN (SELECT ""customer_id"" FROM ""Customers"") ORDER BY ""ids"""
98,"WITH RECURSIVE ""cet"" AS (SELECT 1 AS ""id"" UNION SELECT ""id""+1 FROM ""cet"" WHERE ""id""<(SELECT MAX(""customer_id"") FROM ""Customers"")) SELECT ""id"" AS ""ids"" FROM ""cet"" WHERE ""id"" NOT IN (SELECT ""customer_id"" FROM ""Customers"")"
99,"WITH RECURSIVE ""tot"" (""ids"") AS (SELECT 1 UNION SELECT ""ids""+1 FROM ""tot"" WHERE ""ids""<(SELECT MAX(""customer_id"") FROM ""customers"")) SELECT ""ids"" FROM ""tot"" LEFT JOIN ""Customers"" ON ""ids""=""customer_id"" WHERE ""customer_id"" IS NULL"
100,"WITH RECURSIVE ""tmp"" (""id"") AS (SELECT 1 UNION ALL SELECT ""id""+1 FROM ""tmp"" WHERE ""id""<(SELECT MAX(""customer_id"") FROM ""customers"")) SELECT ""id"" AS ""ids"" FROM ""tmp"" WHERE ""id"" NOT IN (SELECT ""customer_id"" FROM ""customers"") ORDER BY ""ids"""
101,"WITH RECURSIVE ""cte"" (""n"") AS (SELECT 1 UNION ALL SELECT ""n""+1 FROM ""cte"" WHERE ""n""<(SELECT MAX(""customer_id"") FROM ""customers"")) SELECT ""n"" AS ""ids"" FROM ""cte"" WHERE ""n"" NOT IN (SELECT ""customer_id"" FROM ""Customers"")"
102,"WITH RECURSIVE ""cte"" (""ids"") AS (SELECT 1 AS ""ids"" UNION ALL SELECT ""ids""+1 FROM ""cte"" WHERE ""ids""<(SELECT MAX(""customer_id"") FROM ""Customers"")) SELECT ""ids"" FROM ""cte"" WHERE ""ids"" NOT IN (SELECT ""customer_id"" FROM ""Customers"") ORDER BY 1"
103,"WITH RECURSIVE ""cte"" (""customer_id"") AS (SELECT 1 UNION SELECT ""customer_id""+1 FROM ""cte"" WHERE ""customer_id""+1<=(SELECT MAX(""customer_id"") FROM ""customers"")) SELECT ""customer_id"" AS ""ids"" FROM ""cte"" WHERE ""customer_id"" NOT IN (SELECT ""customer_id"" FROM ""customers"")"
104,"WITH RECURSIVE ""t"" AS (SELECT 1 AS ""id"" UNION ALL SELECT ""id""+1 FROM ""t"" WHERE ""id""<(SELECT MAX(""customer_id"") FROM ""customers"")) SELECT ""id"" AS ""ids"" FROM ""t"" WHERE ""id"" NOT IN (SELECT ""customer_id"" FROM ""customers"")"
105,"WITH RECURSIVE ""id_seq"" AS (SELECT 1 AS ""continued_id"" UNION SELECT ""continued_id""+1 FROM ""id_seq"" WHERE ""continued_id""<(SELECT MAX(""customer_id"") FROM ""Customers"")) SELECT ""continued_id"" AS ""ids"" FROM ""id_seq"" WHERE ""continued_id"" NOT IN (SELECT ""customer_id"" FROM ""Customers"")"
106,"WITH RECURSIVE ""all_id"" AS (SELECT 1 AS ""ids"" UNION ALL SELECT ""ids""+1 FROM ""all_id"" WHERE ""ids""<(SELECT MAX(""customer_id"") FROM ""Customers"")) SELECT ""ids"" FROM ""all_id"" LEFT JOIN ""Customers"" ON ""ids""=""customer_id"" WHERE ""customer_id"" IS NULL ORDER BY ""ids"""
107,"WITH RECURSIVE ""seq"" AS (SELECT 1 AS ""value"" UNION ALL SELECT ""value""+1 FROM ""seq"" WHERE ""value""<(SELECT MAX(""customer_id"") FROM ""customers"")) SELECT ""value"" AS ""ids"" FROM ""seq"" WHERE ""value"" NOT IN (SELECT ""customer_id"" FROM ""customers"")"
108,"WITH RECURSIVE ""CTE"" AS (SELECT ""customer_id"" FROM ""Customers"" UNION ALL SELECT ""customer_id""-1 FROM ""CTE"" WHERE ""customer_id"">1) SELECT DISTINCT ""CTE"".""customer_id"" AS ""ids"" FROM ""CTE"" LEFT JOIN ""Customers"" AS ""c"" USING (""customer_id"") WHERE ""customer_name"" IS NULL ORDER BY 1"
109,"WITH RECURSIVE ""cte"" AS (SELECT 1 AS ""customer_id"" UNION ALL SELECT ""customer_id""+1 FROM ""cte"" WHERE ""customer_id""<(SELECT MAX(""customer_id"") FROM ""customers"")) SELECT ""cte"".""customer_id"" AS ""ids"" FROM ""cte"" LEFT JOIN ""customers"" AS ""c"" USING (""customer_id"") WHERE ""c"".""customer_id"" IS NULL ORDER BY 1"
110,"WITH RECURSIVE ""consecutive_id"" AS (SELECT 1 AS ""counter"" UNION SELECT ""counter""+1 FROM ""consecutive_id"" WHERE ""counter""<(SELECT MAX(""customer_id"") FROM ""Customers"")) SELECT ""counter"" AS ""ids"" FROM ""consecutive_id"" LEFT JOIN ""customers"" ON ""customer_id""=""counter"" WHERE ""customer_id"" IS NULL ORDER BY ""ids"""
111,"WITH RECURSIVE ""id_seq"" AS (SELECT 1 AS ""continued_id"" UNION SELECT ""continued_id""+1 FROM ""id_seq"" WHERE ""continued_id""<(SELECT MAX(""customer_id"") FROM ""customers"")) SELECT ""continued_id"" AS ""ids"" FROM ""id_seq"" WHERE ""continued_id"" NOT IN (SELECT ""customer_id"" FROM ""customers"") ORDER BY ""ids"""
112,"WITH RECURSIVE ""seq"" AS (SELECT 1 AS ""value"" UNION ALL SELECT ""value""+1 FROM ""seq"" WHERE ""value""<(SELECT MAX(""customer_id"") FROM ""Customers"")) SELECT ""value"" AS ""ids"" FROM ""seq"" WHERE ""value"" NOT IN (SELECT ""customer_id"" FROM ""Customers"")"
113,"WITH RECURSIVE ""cte"" AS (SELECT 1 AS ""customer_id"" UNION SELECT ""customer_id""+1 FROM ""cte"" WHERE ""customer_id""<(SELECT MAX(""customer_id"") FROM ""customers"")) SELECT ""customer_id"" AS ""ids"" FROM ""cte"" LEFT JOIN ""customers"" USING (""customer_id"") WHERE ""customer_name"" IS NULL"
114,"WITH RECURSIVE ""cte"" AS (SELECT 1 AS ""ids"" UNION ALL SELECT ""ids""+1 FROM ""cte"" WHERE ""ids""<(SELECT MAX(""customer_id"") FROM ""customers"")) SELECT ""a"".* FROM ""cte"" AS ""a"" LEFT JOIN ""customers"" AS ""b"" ON ""a"".""ids""=""b"".""customer_id"" WHERE ""b"".""customer_id"" IS NULL ORDER BY 1"
115,"WITH RECURSIVE ""new"" AS (SELECT 1 AS ""ids"" UNION ALL SELECT ""ids""+1 FROM ""new"" WHERE ""ids""<(SELECT MAX(""customer_id"") FROM ""customers"")) SELECT ""ids"" FROM ""new"" WHERE ""ids"" NOT IN (SELECT ""customer_id"" FROM ""customers"")"
116,"WITH RECURSIVE ""cte"" AS (SELECT 1 AS ""customer_id"" UNION ALL SELECT (""customer_id""+1) AS ""customer_id"" FROM ""cte"" WHERE ""customer_id""+1<=(SELECT MAX(""customer_id"") FROM ""Customers"")) SELECT ""sub"".""customer_id"" AS ""ids"" FROM ""cte"" AS ""sub"" WHERE ""sub"".""customer_id"" NOT IN (SELECT ""customer_id"" FROM ""Customers"")"
117,"WITH RECURSIVE ""seq_id"" AS (SELECT 1 AS ""id"" UNION SELECT ""id""+1 FROM ""seq_id"" WHERE ""id""<(SELECT MAX(""customer_id"") FROM ""Customers"")) SELECT ""id"" AS ""ids"" FROM ""seq_id"" WHERE ""id"" NOT IN (SELECT ""customer_id"" FROM ""Customers"")"
118,"WITH RECURSIVE ""seq"" AS (SELECT 1 AS ""continued_id"" UNION ALL SELECT ""continued_id""+1 FROM ""seq"" WHERE ""continued_id""<(SELECT MAX(""customer_id"") FROM ""Customers"")) SELECT DISTINCT ""t1"".""continued_id"" AS ""ids"" FROM ""seq"" AS ""t1"" LEFT JOIN ""Customers"" AS ""t2"" ON ""t1"".""continued_id""=""t2"".""customer_id"" WHERE ""t2"".""customer_id"" IS NULL ORDER BY ""continued_id"""
119,"WITH RECURSIVE ""cte"" (""curr"", ""maxval"") AS (SELECT 1,MAX(""customer_id"") AS ""maxval"" FROM ""customers"" UNION ALL SELECT ""curr""+1,""maxval"" FROM ""cte"" WHERE ""curr""<""maxval"") SELECT ""curr"" AS ""ids"" FROM ""cte"" WHERE ""curr"" NOT IN (SELECT ""customer_id"" FROM ""customers"")"
120,"WITH RECURSIVE ""CTE"" AS (SELECT 1 AS ""N"" UNION ALL SELECT ""N""+1 FROM ""CTE"" WHERE ""N""<(SELECT MAX(""customer_id"") FROM ""customers"")) SELECT ""N"" AS ""ids"" FROM ""CTE"" WHERE ""N"" NOT IN (SELECT ""customer_id"" FROM ""Customers"") ORDER BY ""ids"""
121,"WITH RECURSIVE ""cte"" (""id"") AS (SELECT 1 AS ""id"" UNION ALL SELECT ""id""+1 FROM ""cte"" WHERE ""id""<(SELECT MAX(""customer_id"") FROM ""Customers"")) SELECT ""id"" AS ""ids"" FROM ""cte"" WHERE ""id"" NOT IN (SELECT ""customer_id"" FROM ""Customers"")"
122,"WITH RECURSIVE ""cte"" AS (SELECT 1 AS ""n"" UNION ALL SELECT ""n""+1 FROM ""cte"" WHERE ""n""<(SELECT MAX(""customer_id"") FROM ""customers"")) SELECT ""n"" AS ""ids"" FROM ""cte"" WHERE ""n"" NOT IN (SELECT ""customer_id"" FROM ""customers"")"
123,"WITH RECURSIVE ""seq"" AS (SELECT 1 AS ""id"" UNION SELECT ""id""+1 AS ""id"" FROM ""seq"" WHERE ""id""<(SELECT MAX(""customer_id"") FROM ""Customers"")) SELECT ""b"".""id"" AS ""ids"" FROM ""Customers"" AS ""a"" RIGHT JOIN ""seq"" AS ""b"" ON ""a"".""customer_id""=""b"".""id"" WHERE ""a"".""customer_id"" IS NULL"
124,"WITH RECURSIVE ""cte"" (""n"") AS (SELECT 1 UNION ALL SELECT ""n""+1 FROM ""cte"" WHERE ""n""<100) SELECT ""n"" AS ""ids"" FROM ""cte"" WHERE ""n"" NOT IN (SELECT ""customer_id"" FROM ""Customers"") AND ""n""<(SELECT MAX(""customer_id"") FROM ""Customers"")"
125,"WITH RECURSIVE ""id"" AS (SELECT 1 AS ""num"" UNION ALL SELECT ""num""+1 FROM ""id"" WHERE ""num""<(SELECT MAX(""customer_id"") FROM ""Customers"")) SELECT ""num"" AS ""ids"" FROM ""id"" WHERE ""num"" NOT IN (SELECT ""customer_id"" FROM ""Customers"") ORDER BY ""ids"""
126,"WITH RECURSIVE ""cte"" AS (SELECT 1 AS ""ids"" UNION ALL SELECT ""ids""+1 FROM ""cte"" WHERE ""ids""<(SELECT MAX(""customer_id"") FROM ""Customers"")) SELECT * FROM ""cte"" WHERE ""ids"" NOT IN (SELECT ""customer_id"" FROM ""Customers"")"
127,"WITH RECURSIVE ""t"" AS (SELECT 1 AS ""ids"" UNION ALL SELECT ""ids""+1 AS ""num"" FROM ""t"" WHERE ""ids""<(SELECT MAX(""customer_id"") FROM ""customers"" ORDER BY ""customer_id"")) SELECT ""t"".""ids"" FROM ""customers"" AS ""c"" RIGHT JOIN ""t"" ON ""c"".""customer_id""=""t"".""ids"" WHERE ""c"".""customer_id"" IS NULL"
128,"WITH RECURSIVE ""A"" AS (SELECT 1 AS ""value"" UNION ALL SELECT ""value""+1 FROM ""A"" WHERE ""value""<(SELECT MAX(""customer_id"") FROM ""Customers"")) SELECT ""value"" AS ""ids"" FROM ""A"" WHERE ""value"" NOT IN (SELECT ""customer_id"" FROM ""Customers"")"
129,"WITH RECURSIVE ""numbers"" AS (SELECT 1 AS ""ids"" UNION ALL SELECT ""ids""+1 FROM ""numbers"" WHERE ""ids""<100) SELECT ""n"".""ids"" FROM ""numbers"" AS ""n"" WHERE ""n"".""ids"" NOT IN (SELECT ""customer_id"" FROM ""Customers"") AND ""n"".""ids""<=(SELECT MAX(""customer_id"") FROM ""Customers"")"
130,"WITH RECURSIVE ""cte"" AS (SELECT 1 AS ""customer_id"" UNION ALL SELECT ""customer_id""+1 FROM ""cte"" WHERE ""customer_id""<(SELECT MAX(""customer_id"") FROM ""customers"")) SELECT ""customer_id"" AS ""ids"" FROM ""cte"" WHERE ""customer_id"" NOT IN (SELECT ""customer_id"" FROM ""customers"")"
131,"WITH RECURSIVE ""cte"" (""n"") AS (SELECT 1 UNION ALL SELECT ""n""+1 FROM ""cte"" WHERE ""n""<100) SELECT ""n"" AS ""ids"" FROM ""cte"" WHERE ""n"" NOT IN (SELECT ""customer_id"" FROM ""Customers"") AND ""n""<(SELECT MAX(""customer_id"") FROM ""Customers"")"
132,"WITH RECURSIVE ""Numbers"" AS (SELECT 1 AS ""Number"" UNION ALL SELECT ""Number""+1 FROM ""Numbers"" WHERE ""Number""<(SELECT MAX(""customer_id"") FROM ""customers"")) SELECT ""Number"" AS ""ids"" FROM ""Numbers"" WHERE ""Number"" NOT IN (SELECT ""customer_id"" FROM ""customers"")"
133,"WITH RECURSIVE ""seq"" AS (SELECT 1 AS ""value"" UNION ALL SELECT ""value""+1 FROM ""seq"" WHERE ""value""<(SELECT MAX(""customer_id"") FROM ""customers"")) SELECT ""value"" AS ""ids"" FROM ""seq"" WHERE ""value"" NOT IN (SELECT ""customer_id"" FROM ""customers"")"
134,"WITH RECURSIVE ""new"" AS (SELECT 1 AS ""ids"" UNION ALL SELECT ""ids""+1 FROM ""new"" WHERE ""ids""<(SELECT MAX(""customer_id"") FROM ""customers"")) SELECT ""ids"" FROM ""new"" WHERE ""ids"" NOT IN (SELECT ""customer_id"" FROM ""customers"")"
135,"WITH RECURSIVE ""id_seq"" AS (SELECT 1 AS ""continued_id"" UNION SELECT ""continued_id""+1 FROM ""id_seq"" WHERE ""continued_id""<(SELECT MAX(""customer_id"") FROM ""Customers"")) SELECT ""continued_id"" AS ""ids"" FROM ""id_seq"" WHERE ""continued_id"" NOT IN (SELECT ""customer_id"" FROM ""Customers"")"
136,"WITH RECURSIVE ""seq"" AS (SELECT 1 AS ""val"" UNION ALL SELECT ""val""+1 AS ""val"" FROM ""seq"" WHERE ""val""<=100) SELECT ""val"" AS ""ids"" FROM ""seq"" WHERE ""val"" NOT IN (SELECT ""customer_id"" FROM ""Customers"") AND ""val""<(SELECT MAX(""customer_id"") FROM ""Customers"")"
137,"WITH RECURSIVE ""cte"" AS (SELECT 1 AS ""id"" UNION ALL SELECT ""id""+1 FROM ""cte"" WHERE ""id""<(SELECT MAX(""customer_id"") FROM ""Customers"")) SELECT ""id"" AS ""ids"" FROM ""cte"" WHERE ""id"" NOT IN (SELECT ""customer_id"" FROM ""Customers"")"
138,"WITH RECURSIVE ""cte"" AS (SELECT 1 AS ""customer_id"" UNION ALL SELECT ""customer_id""+1 AS ""customer_id"" FROM ""cte"" WHERE ""customer_id""<(SELECT MAX(""customer_id"") FROM ""Customers"")) SELECT ""t1"".""customer_id"" AS ""ids"" FROM ""cte"" AS ""t1"" LEFT JOIN ""Customers"" AS ""t2"" ON ""t1"".""customer_id""=""t2"".""customer_id"" WHERE ""t2"".""customer_id"" IS NULL ORDER BY ""t1"".""customer_id"""
139,"WITH RECURSIVE ""cte"" AS (SELECT 1 AS ""counter"" UNION ALL SELECT ""counter""+1 FROM ""cte"" WHERE ""counter""<(SELECT MAX(""customer_id"") FROM ""Customers"")) SELECT ""counter"" AS ""ids"" FROM ""cte"" WHERE ""counter"" NOT IN (SELECT ""customer_id"" FROM ""Customers"")"
140,"WITH RECURSIVE ""cte"" (""n"") AS (SELECT 1 AS ""ids"" UNION ALL SELECT ""n""+1 AS ""ids"" FROM ""cte"" WHERE ""n""<(SELECT MAX(""customer_id"") AS ""max_id"" FROM ""Customers"")) SELECT ""n"" AS ""ids"" FROM ""cte"" WHERE ""n"" NOT IN (SELECT ""customer_id"" FROM ""Customers"")"
141,"WITH RECURSIVE ""cte"" AS (SELECT 1 AS ""value"" UNION ALL SELECT ""value""+1 FROM ""cte"" WHERE ""value""<100) SELECT ""value"" AS ""ids"" FROM ""cte"" WHERE ""value"" NOT IN (SELECT ""customer_id"" FROM ""customers"") AND ""value""<=(SELECT MAX(""customer_id"") FROM ""customers"")"
142,"WITH RECURSIVE ""cte"" AS (SELECT 1 AS ""customer_id"" UNION SELECT ""customer_id""+1 FROM ""cte"" WHERE ""customer_id""<(SELECT MAX(""customer_id"") FROM ""Customers"")) SELECT ""customer_id"" AS ""ids"" FROM ""cte"" WHERE ""customer_id"" NOT IN (SELECT ""customer_id"" FROM ""Customers"")"
143,"WITH RECURSIVE ""seq"" AS (SELECT 1 AS ""value"" UNION ALL SELECT ""value""+1 FROM ""seq"" WHERE ""value""<(SELECT MAX(""customer_id"") FROM ""customers"")) SELECT DISTINCT (""value"") AS ""ids"" FROM ""seq"" WHERE ""value"" NOT IN (SELECT ""customer_id"" FROM ""customers"") ORDER BY ""ids"""
144,"WITH RECURSIVE ""all_id"" AS (SELECT 1 AS ""ids"" UNION ALL SELECT ""ids""+1 FROM ""all_id"" WHERE ""ids""<(SELECT MAX(""customer_id"") FROM ""Customers"")) SELECT ""ids"" FROM ""all_id"" WHERE ""ids"" NOT IN (SELECT ""customer_id"" FROM ""customers"") ORDER BY ""ids"""
145,"WITH RECURSIVE ""T1"" AS (SELECT 1 AS ""id"" UNION ALL SELECT ""id""+1 AS ""ids"" FROM ""T1"" WHERE ""id""<(SELECT MAX(""customer_id"") FROM ""customers"")) SELECT ""id"" AS ""ids"" FROM ""T1"" WHERE ""id"" NOT IN (SELECT ""customer_id"" FROM ""customers"")"
146,"WITH RECURSIVE ""cte"" AS (SELECT 1 AS ""number"" UNION SELECT ""number""+1 FROM ""cte"" WHERE ""number""<(SELECT MAX(""customer_id"") FROM ""Customers"")) SELECT ""number"" AS ""ids"" FROM ""cte"" WHERE ""number"" NOT IN (SELECT ""customer_id"" FROM ""Customers"")"
147,"WITH RECURSIVE ""id_seq"" AS (SELECT 1 AS ""continued_id"" UNION SELECT ""continued_id""+1 FROM ""id_seq"" WHERE ""continued_id""<(SELECT MAX(""customer_id"") FROM ""Customers"")) SELECT ""continued_id"" AS ""ids"" FROM ""id_seq"" WHERE ""continued_id"" NOT IN (SELECT ""customer_id"" FROM ""Customers"")"
148,"WITH RECURSIVE ""cte"" AS (SELECT 1 AS ""customer_id"" UNION ALL SELECT ""customer_id""+1 FROM ""cte"" WHERE ""customer_id""<(SELECT MAX(""customer_id"") FROM ""Customers"")) SELECT ""customer_id"" AS ""ids"" FROM ""cte"" WHERE ""customer_id"" NOT IN (SELECT ""customer_id"" FROM ""Customers"")"
149,"WITH RECURSIVE ""cte"" AS (SELECT 1 AS ""customer_id"" UNION ALL SELECT ""customer_id""+1 AS ""customer_id"" FROM ""cte"" WHERE ""customer_id""<(SELECT MAX(""customer_id"") FROM ""Customers"")) SELECT ""t1"".""customer_id"" AS ""ids"" FROM ""cte"" AS ""t1"" LEFT JOIN ""Customers"" AS ""t2"" ON ""t1"".""customer_id""=""t2"".""customer_id"" WHERE ""t2"".""customer_id"" IS NULL ORDER BY ""t1"".""customer_id"""
150,"WITH RECURSIVE ""t"" AS (SELECT 1 AS ""num"" UNION SELECT ""num""+1 FROM ""t"" WHERE ""num""<(SELECT MAX(""customer_id"") FROM ""Customers"")) SELECT ""num"" AS ""ids"" FROM ""t"" WHERE ""num"" NOT IN (SELECT ""customer_id"" FROM ""Customers"")"
151,"WITH RECURSIVE ""t1"" AS (SELECT 1 AS ""customer_id"" UNION ALL SELECT ""customer_id""+1 FROM ""t1"" WHERE ""customer_id""<(SELECT MAX(""customer_id"") FROM ""Customers"")) SELECT ""customer_id"" AS ""ids"" FROM ""t1"" WHERE ""t1"".""customer_id"" NOT IN (SELECT DISTINCT ""customer_id"" FROM ""Customers"")"
152,"WITH RECURSIVE ""all_ids"" AS (SELECT 1 AS ""id"" UNION ALL SELECT ""id""+1 AS ""id"" FROM ""all_ids"" WHERE ""id""<(SELECT MAX(""customer_id"") AS ""max_id"" FROM ""customers"")) SELECT ""id"" AS ""ids"" FROM ""all_ids"" WHERE ""id"" NOT IN (SELECT ""customer_id"" FROM ""customers"")"
153,"WITH RECURSIVE ""seq"" AS (SELECT 1 AS ""value"" UNION ALL SELECT ""value""+1 FROM ""seq"" WHERE ""value""<(SELECT MAX(""customer_id"") FROM ""Customers"")) SELECT DISTINCT ""s"".""value"" AS ""ids"" FROM (""seq"" AS ""s"") JOIN ""Customers"" AS ""c"" WHERE ""s"".""value"" NOT IN (SELECT ""customer_id"" FROM ""Customers"") ORDER BY 1"
154,"WITH RECURSIVE ""Numbers"" AS (SELECT 1 AS ""Number"" UNION ALL SELECT ""Number""+1 FROM ""Numbers"" WHERE ""Number""<(SELECT MAX(""customer_id"") FROM ""Customers"")) SELECT ""Number"" AS ""ids"" FROM ""Numbers"" WHERE ""Number"" NOT IN (SELECT DISTINCT ""customer_id"" FROM ""Customers"")"
155,"WITH RECURSIVE ""cte"" AS (SELECT 1 AS ""ids"" UNION ALL SELECT ""ids""+1 FROM ""cte"" WHERE ""ids""<(SELECT MAX(""customer_id"") FROM ""Customers"")) SELECT ""ids"" FROM ""cte"" WHERE ""ids"" NOT IN (SELECT ""customer_id"" FROM ""Customers"")"
156,"WITH RECURSIVE ""cte"" AS (SELECT 1 AS ""row_id"" UNION ALL SELECT ""row_id""+1 AS ""row_id"" FROM ""cte"" WHERE ""row_id""<(SELECT MAX(""customer_id"") FROM ""Customers"")) SELECT ""row_id"" AS ""ids"" FROM ""cte"" WHERE ""row_id"" NOT IN (SELECT DISTINCT ""customer_id"" FROM ""Customers"") ORDER BY 1"
157,"WITH RECURSIVE ""CTE"" AS (SELECT 1 AS ""id"" UNION ALL SELECT ""id""+1 FROM ""CTE"" WHERE ""id""<(SELECT MAX(""customer_id"") FROM ""Customers"")) SELECT ""CTE"".""id"" AS ""ids"" FROM ""CTE"" LEFT JOIN ""Customers"" AS ""c"" ON ""CTE"".""id""=""c"".""customer_id"" WHERE ""c"".""customer_id"" IS NULL"
158,"WITH RECURSIVE ""max_id"" AS (SELECT MAX(""customer_id"") AS ""max_id"" FROM ""Customers""), ""all_ids"" AS (SELECT 1 AS ""all_ids"" UNION SELECT ""all_ids""+1 AS ""all_ids"" FROM (""all_ids"") JOIN ""max_id"" WHERE ""all_ids""<""max_id"") SELECT ""all_ids"" AS ""ids"" FROM ""all_ids"" AS ""a"" LEFT JOIN ""Customers"" AS ""b"" ON ""a"".""all_ids""=""b"".""customer_id"" WHERE ""b"".""customer_id"" IS NULL"
159,"WITH RECURSIVE ""cte"" (""n"") AS (SELECT 1 UNION ALL SELECT ""n""+1 FROM ""cte"" WHERE ""n""<(SELECT MAX(""customer_id"") FROM ""Customers"")) SELECT ""n"" AS ""ids"" FROM ""cte"" WHERE ""n"" NOT IN (SELECT ""customer_id"" FROM ""Customers"")"
160,"WITH RECURSIVE ""AllIds"" AS (SELECT MAX(""customer_id"") AS ""ids"" FROM ""Customers"" UNION ALL SELECT ""ids""-1 AS ""ids"" FROM ""AllIds"" WHERE ""ids"">1) SELECT ""ids"" FROM ""AllIds"" WHERE ""ids"" NOT IN (SELECT ""customer_id"" FROM ""Customers"") ORDER BY 1"
161,"WITH RECURSIVE ""seq"" AS (SELECT 1 AS ""contseq"" UNION SELECT ""contseq""+1 FROM ""seq"" WHERE ""contseq""<(SELECT MAX(""customer_id"") FROM ""Customers"")) SELECT ""contseq"" AS ""ids"" FROM ""seq"" WHERE ""contseq"" NOT IN (SELECT ""Customer_id"" FROM ""Customers"")"
162,"WITH RECURSIVE ""new"" AS (SELECT 1 AS ""ids"" UNION ALL SELECT ""ids""+1 FROM ""new"" WHERE ""ids""<(SELECT MAX(""customer_id"") FROM ""customers"")) SELECT ""ids"" FROM ""new"" WHERE ""ids"" NOT IN (SELECT ""customer_id"" FROM ""customers"")"
163,"WITH RECURSIVE ""CTE"" (""n"") AS (SELECT 1 UNION ALL SELECT ""n""+1 FROM ""cte"" WHERE ""n""<100) SELECT ""n"" AS ""ids"" FROM ""cte"" WHERE ""n""<(SELECT MAX(""customer_id"") FROM ""Customers"") AND ""n"" NOT IN (SELECT ""customer_id"" FROM ""Customers"")"
164,"WITH RECURSIVE ""cte"" AS (SELECT 1 AS ""customer_id"" UNION ALL SELECT ""customer_id""+1 AS ""customer_id"" FROM ""cte"" WHERE ""customer_id""<(SELECT MAX(""customer_id"") FROM ""Customers"")) SELECT ""t1"".""customer_id"" AS ""ids"" FROM ""cte"" AS ""t1"" LEFT JOIN ""Customers"" AS ""t2"" ON ""t1"".""customer_id""=""t2"".""customer_id"" WHERE ""t2"".""customer_id"" IS NULL ORDER BY ""t1"".""customer_id"""
165,"WITH RECURSIVE ""cte"" AS (SELECT 1 AS ""customer_id"" UNION ALL SELECT ""customer_id""+1 AS ""customer_id"" FROM ""cte"" WHERE ""customer_id""<(SELECT MAX(""customer_id"") FROM ""customers"")) SELECT ""t1"".""customer_id"" AS ""ids"" FROM ""cte"" AS ""t1"" LEFT JOIN ""Customers"" AS ""t2"" ON ""t1"".""customer_id""=""t2"".""customer_id"" WHERE ""t2"".""customer_id"" IS NULL ORDER BY ""t1"".""customer_id"""
166,"WITH RECURSIVE ""id_table"" AS (SELECT 1 AS ""id"" UNION ALL SELECT ""id""+1 FROM ""id_table"" WHERE ""Id""<(SELECT MAX(""customer_id"") FROM ""Customers"")) SELECT ""id"" AS ""ids"" FROM ""Customers"" AS ""c"" RIGHT JOIN ""id_table"" AS ""i"" ON ""c"".""customer_id""=""i"".""id"" WHERE ""customer_id"" IS NULL"
167,"WITH RECURSIVE ""seq"" AS (SELECT 1 AS ""value"" UNION ALL SELECT ""value""+1 FROM ""seq"" WHERE ""value""<(SELECT MAX(""customer_id"") FROM ""customers"")) SELECT ""value"" AS ""ids"" FROM ""seq"" WHERE ""value"" NOT IN (SELECT ""customer_id"" FROM ""customers"")"
168,"WITH RECURSIVE ""CTE"" AS (SELECT 1 AS ""id"" UNION ALL SELECT 1+""id"" FROM ""CTE"" WHERE ""id""<(SELECT MAX(""customer_id"") FROM ""Customers"")) SELECT ""id"" AS ""ids"" FROM ""CTE"" WHERE ""id"" NOT IN (SELECT ""customer_id"" FROM ""Customers"")"
169,"WITH RECURSIVE ""allid"" AS (SELECT 1 AS ""id"" UNION ALL SELECT ""id""+1 AS ""id"" FROM ""allid"" WHERE ""id""<(SELECT MAX(""customer_id"") FROM ""customers"")) SELECT ""id"" AS ""ids"" FROM ""allid"" WHERE ""id"" NOT IN (SELECT ""customer_id"" FROM ""customers"")"
170,"WITH RECURSIVE ""seq_generator"" (""ids"") AS (SELECT 1 UNION ALL SELECT ""ids""+1 FROM ""seq_generator"" WHERE ""ids""<(SELECT MAX(""customer_id"") FROM ""customers"")) SELECT ""a"".""ids"" FROM ""seq_generator"" AS ""a"" WHERE ""ids"" NOT IN (SELECT ""customer_id"" FROM ""customers"")"
171,"WITH RECURSIVE ""seq_id"" AS (SELECT 1 AS ""id"" UNION SELECT ""id""+1 FROM ""seq_id"" WHERE ""id""<(SELECT MAX(""customer_id"") FROM ""Customers"")) SELECT ""id"" AS ""ids"" FROM ""seq_id"" WHERE ""id"" NOT IN (SELECT ""customer_id"" FROM ""Customers"")"
172,"WITH RECURSIVE ""ID_LIST"" AS (SELECT 1 AS ""ID"" UNION SELECT ""ID""+1 FROM ""ID_LIST"" WHERE ""ID""+1<=(SELECT MAX(""CUSTOMER_ID"") FROM ""CUSTOMERS"")) SELECT ""ID"" AS ""ids"" FROM ""ID_LIST"" WHERE ""ID"" NOT IN (SELECT ""CUSTOMER_ID"" FROM ""CUSTOMERS"")"
173,"WITH RECURSIVE ""cte"" AS (SELECT 1 AS ""n"" UNION ALL SELECT ""n""+1 FROM ""cte"" WHERE ""n""<(SELECT MAX(""customer_id"") FROM ""Customers"")) SELECT ""n"" AS ""ids"" FROM ""cte"" WHERE ""n"" NOT IN (SELECT ""customer_id"" FROM ""Customers"")"
174,"WITH RECURSIVE ""a"" AS (SELECT 1 AS ""ids"" UNION ALL SELECT ""ids""+1 FROM ""a"" LIMIT 100) SELECT * FROM ""a"" WHERE ""ids"" NOT IN (SELECT ""customer_id"" FROM ""Customers"") AND ""ids""<(SELECT MAX(""customer_id"") FROM ""Customers"")"
175,"WITH RECURSIVE ""RC"" AS (SELECT 1 AS ""ct"" UNION SELECT ""ct""+1 FROM ""RC"" WHERE ""ct""<(SELECT MAX(""customer_id"") FROM ""Customers"")) SELECT ""ct"" AS ""ids"" FROM ""RC"" WHERE ""ct"" NOT IN (SELECT ""customer_id"" FROM ""Customers"")"
176,"WITH RECURSIVE ""temp1"" AS (SELECT 1 AS ""id"" UNION ALL SELECT ""id""+1 AS ""id"" FROM ""temp1"" WHERE ""id""<(SELECT MAX(""customer_id"") FROM ""customers"")) SELECT ""id"" AS ""ids"" FROM ""temp1"" LEFT JOIN ""customers"" AS ""c"" ON ""temp1"".""id""=""c"".""customer_id"" WHERE ""c"".""customer_name"" IS NULL"
177,"WITH RECURSIVE ""cte"" AS (SELECT 1 AS ""ids"" UNION ALL SELECT ""ids""+1 FROM ""cte"" WHERE ""ids""<(SELECT MAX(""customer_id"") FROM ""Customers"")) SELECT ""ids"" FROM ""cte"" WHERE ""ids"" NOT IN (SELECT ""customer_id"" FROM ""Customers"") ORDER BY ""ids"""
178,"WITH RECURSIVE ""seq"" AS (SELECT 1 AS ""value"" UNION ALL SELECT ""value""+1 FROM ""seq"" WHERE ""value""<(SELECT MAX(""customer_id"") FROM ""Customers"")) SELECT DISTINCT ""s"".""value"" AS ""ids"" FROM (""seq"" AS ""s"") JOIN ""Customers"" AS ""c"" WHERE ""s"".""value"" NOT IN (SELECT ""customer_id"" FROM ""Customers"") ORDER BY 1"
179,"WITH RECURSIVE ""ids"" AS (SELECT 1 AS ""ids"" UNION SELECT ""ids""+1 FROM ""ids"" WHERE ""ids""<(SELECT MAX(""customer_id"") FROM ""customers"")) SELECT ""ids"" FROM ""ids"" WHERE ""ids"" NOT IN (SELECT ""customer_id"" FROM ""customers"")"
180,"WITH RECURSIVE ""cte"" AS (SELECT 1 AS ""n"" UNION ALL SELECT ""n""+1 FROM ""cte"" WHERE ""n""<100) SELECT ""n"" AS ""ids"" FROM ""cte"" WHERE ""n"" NOT IN (SELECT ""CUSTOMER_ID"" FROM ""Customers"") AND ""n""<(SELECT MAX(""customer_id"") FROM ""Customers"")"
181,"SELECT ""val"" AS ""ids"" FROM (SELECT * FROM (WITH RECURSIVE ""cte"" (""val"") AS (SELECT 1 UNION ALL SELECT ""val""+1 FROM ""cte"" WHERE ""val""<100) SELECT * FROM ""cte"") AS ""hundred"" WHERE ""val""<=(SELECT MAX(""customer_id"") FROM ""Customers"")) AS ""test"" WHERE ""val"" NOT IN (SELECT ""customer_id"" FROM ""Customers"")"
182,"WITH RECURSIVE ""cte"" AS (SELECT 1 AS ""customer_id"" UNION ALL SELECT ""customer_id""+1 AS ""customer_id"" FROM ""cte"" WHERE ""customer_id""<(SELECT MAX(""customer_id"") FROM ""customers"")) SELECT ""customer_id"" AS ""ids"" FROM ""cte"" WHERE ""customer_id"" NOT IN (SELECT ""customer_id"" FROM ""customers"") ORDER BY 1"
183,"WITH RECURSIVE ""new"" AS (SELECT 1 AS ""ids"" UNION ALL SELECT ""ids""+1 AS ""ids"" FROM ""new"" WHERE ""ids""<(SELECT MAX(""customer_id"") FROM ""Customers"")) SELECT ""ids"" FROM ""new"" AS ""t1"" WHERE NOT EXISTS (SELECT ""customer_id"" FROM ""Customers"" AS ""t2"" WHERE ""t2"".""customer_id""=""t1"".""ids"")"
184,"WITH RECURSIVE ""seq"" AS (SELECT 1 AS ""value"" UNION ALL SELECT ""value""+1 FROM ""seq"" WHERE ""value""<(SELECT MAX(""customer_id"") FROM ""Customers"")) SELECT ""s"".""value"" AS ""ids"" FROM ""seq"" AS ""s"" LEFT JOIN ""Customers"" AS ""c"" ON ""c"".""customer_id""=""s"".""value"" WHERE ""c"".""customer_name"" IS NULL"
185,"WITH RECURSIVE ""cte"" AS (SELECT 1 AS ""id"" UNION ALL SELECT ""id""+1 AS ""id"" FROM ""cte"" WHERE ""id""<=(SELECT MAX(""customer_id"")-1 FROM ""Customers"")) SELECT DISTINCT ""cte"".""id"" AS ""ids"" FROM ""cte"" LEFT JOIN ""Customers"" ON ""cte"".""id""=""Customers"".""customer_id"" WHERE ""Customers"".""customer_id"" IS NULL ORDER BY 1"
186,"WITH RECURSIVE ""id_seq"" AS (SELECT 1 AS ""continued_id"" UNION SELECT ""continued_id""+1 FROM ""id_seq"" WHERE ""continued_id""<(SELECT MAX(""customer_id"") FROM ""Customers"")) SELECT ""continued_id"" AS ""ids"" FROM ""id_seq"" WHERE ""continued_id"" NOT IN (SELECT ""customer_id"" FROM ""Customers"")"
187,"WITH RECURSIVE ""cte"" AS (SELECT 1 AS ""value"" UNION ALL SELECT ""value""+1 FROM ""cte"" WHERE ""value""<100) SELECT ""value"" AS ""ids"" FROM ""cte"" WHERE ""value"" NOT IN (SELECT ""customer_id"" FROM ""Customers"") AND ""value""<(SELECT MAX(""customer_id"") FROM ""Customers"")"
188,"WITH RECURSIVE ""id_list"" AS (SELECT 1 AS ""number"" UNION SELECT ""number""+1 FROM ""id_list"" WHERE ""number""<(SELECT MAX(""customer_id"") FROM ""Customers"")) SELECT ""number"" AS ""ids"" FROM ""id_list"" WHERE ""number"" NOT IN (SELECT ""customer_id"" FROM ""Customers"")"
189,"WITH RECURSIVE ""a"" AS (SELECT 1 AS ""val"" UNION ALL SELECT ""val""+1 FROM ""a"" WHERE ""val""<(SELECT MAX(""customer_id"") FROM ""Customers"")) SELECT ""a"".""val"" AS ""ids"" FROM ""a"" WHERE ""a"".""val"" NOT IN (SELECT ""customer_id"" FROM ""Customers"") AND ""a"".""val""<=100 ORDER BY ""ids"""
190,"WITH RECURSIVE ""cte"" (""customer_id"") AS (SELECT 1 UNION SELECT ""customer_id""+1 FROM ""cte"" WHERE ""customer_id""+1<=(SELECT MAX(""customer_id"") FROM ""customers"")) SELECT ""customer_id"" AS ""ids"" FROM ""cte"" WHERE ""customer_id"" NOT IN (SELECT ""customer_id"" FROM ""customers"")"
191,"WITH RECURSIVE ""CTE"" AS (SELECT 1 AS ""customer_id"" UNION ALL SELECT 1+""customer_id"" FROM ""CTE"" WHERE ""customer_id""<(SELECT MAX(""customer_id"") FROM ""Customers"")) SELECT ""d1"".""customer_id"" AS ""ids"" FROM ""CTE"" AS ""d1"" LEFT JOIN ""Customers"" AS ""d2"" ON ""d1"".""customer_id""=""d2"".""customer_id"" WHERE ""d2"".""customer_id"" IS NULL ORDER BY 1"
192,"WITH RECURSIVE ""a1"" AS (SELECT 1 AS ""id"" UNION ALL SELECT ""id""+1 FROM ""a1"" WHERE ""id""<(SELECT MAX(""customer_id"") FROM ""customers"")) SELECT ""id"" AS ""ids"" FROM ""a1"" WHERE ""id"" NOT IN (SELECT ""customer_id"" FROM ""customers"")"
193,"WITH RECURSIVE ""tmp_cte"" AS (SELECT 1 AS ""ids"" UNION ALL SELECT ""ids""+1 AS ""ids"" FROM ""tmp_cte"" WHERE ""ids""<(SELECT MAX(""customer_id"") FROM ""Customers"")) SELECT ""ids"" FROM ""tmp_cte"" LEFT JOIN ""Customers"" ON ""ids""=""customer_id"" WHERE ""customer_id"" IS NULL"
194,"WITH RECURSIVE ""cte"" AS (SELECT 1 AS ""customer_id"" UNION ALL SELECT ""customer_id""+1 AS ""customer_id"" FROM ""cte"" WHERE ""customer_id""<(SELECT MAX(""customer_id"") FROM ""Customers"")) SELECT ""t1"".""customer_id"" AS ""ids"" FROM ""cte"" AS ""t1"" LEFT JOIN ""Customers"" AS ""t2"" ON ""t1"".""customer_id""=""t2"".""customer_id"" WHERE ""t2"".""customer_id"" IS NULL ORDER BY ""t1"".""customer_id"""
195,"WITH RECURSIVE ""cte"" (""id"") AS (SELECT 1 UNION ALL SELECT ""id""+1 FROM ""cte"" WHERE ""id""+1<=(SELECT MAX(""customer_id"") FROM ""customers"")) SELECT ""a"".""id"" AS ""ids"" FROM ""cte"" AS ""a"" LEFT JOIN ""customers"" AS ""b"" ON ""a"".""id""=""b"".""customer_id"" WHERE ""customer_name"" IS NULL"
196,"WITH RECURSIVE ""cte"" AS (SELECT 1 AS ""customer_id"" UNION ALL SELECT ""customer_id""+1 AS ""customer_id"" FROM ""cte"" WHERE ""customer_id""<(SELECT MAX(""customer_id"") FROM ""Customers"")) SELECT ""t1"".""customer_id"" AS ""ids"" FROM ""cte"" AS ""t1"" LEFT JOIN ""Customers"" AS ""t2"" ON ""t1"".""customer_id""=""t2"".""customer_id"" WHERE ""t2"".""customer_id"" IS NULL ORDER BY ""t1"".""customer_id"""
197,"WITH RECURSIVE ""id_seq"" AS (SELECT 1 AS ""continued_id"" UNION SELECT ""continued_id""+1 FROM ""id_seq"" WHERE ""continued_id""<(SELECT MAX(""customer_id"") FROM ""Customers"")) SELECT ""continued_id"" AS ""ids"" FROM ""id_seq"" WHERE ""continued_id"" NOT IN (SELECT ""customer_id"" FROM ""Customers"")"
198,"WITH RECURSIVE ""t"" AS (SELECT 1 AS ""ids"" UNION ALL SELECT ""ids""+1 FROM ""t"" WHERE ""ids""<(SELECT MAX(""customer_id"") FROM ""Customers"")) SELECT ""ids"" FROM ""t"" WHERE ""ids"" NOT IN (SELECT ""customer_id"" FROM ""Customers"")"
199,"WITH RECURSIVE ""max_id"" AS (SELECT MAX(""customer_id"") FROM ""customers""), ""one_to_n"" (""n"") AS (SELECT 1 UNION ALL SELECT ""n""+1 FROM ""one_to_n"" WHERE ""N""<(SELECT * FROM ""max_id"")) SELECT ""o"".""n"" AS ""ids"" FROM ""one_to_n"" AS ""o"" LEFT JOIN ""customers"" AS ""c"" ON ""o"".""n""=""c"".""customer_id"" WHERE ""c"".""customer_id"" IS NULL"
200,"WITH RECURSIVE ""id_seq"" AS (SELECT 1 AS ""continued_id"" UNION SELECT ""continued_id""+1 FROM ""id_seq"" WHERE ""continued_id""<(SELECT MAX(""customer_id"") FROM ""Customers"")) SELECT ""continued_id"" AS ""ids"" FROM ""id_seq"" WHERE ""continued_id"" NOT IN (SELECT ""customer_id"" FROM ""Customers"")"
201,"WITH RECURSIVE ""seq"" AS (SELECT 1 AS ""id"" UNION ALL SELECT ""id""+1 FROM ""seq"" WHERE ""id""<(SELECT MAX(""customer_id"") FROM ""customers"")) SELECT ""seq"".""id"" AS ""ids"" FROM ""seq"" LEFT JOIN ""customers"" AS ""c"" ON ""seq"".""id""=""c"".""customer_id"" WHERE ""c"".""customer_id"" IS NULL"
202,"WITH RECURSIVE ""id_seq"" AS (SELECT 1 AS ""continued_id"" UNION SELECT ""continued_id""+1 FROM ""id_seq"" WHERE ""continued_id""<(SELECT MAX(""customer_id"") FROM ""Customers"")) SELECT ""continued_id"" AS ""ids"" FROM ""id_seq"" WHERE ""continued_id"" NOT IN (SELECT ""customer_id"" FROM ""Customers"")"
203,"WITH RECURSIVE ""New"" AS (SELECT 1 AS ""id"" UNION ALL SELECT ""id""+1 AS ""id"" FROM ""New"" WHERE ""id""<(SELECT MAX(""customer_id"") FROM ""Customers"")) SELECT ""id"" AS ""ids"" FROM ""New"" WHERE ""id"" NOT IN (SELECT ""customer_id"" FROM ""Customers"")"
204,"WITH RECURSIVE ""id_seq"" AS (SELECT 1 AS ""continued_id"" UNION SELECT ""continued_id""+1 FROM ""id_seq"" WHERE ""continued_id""<(SELECT MAX(""customer_id"") FROM ""Customers"")) SELECT ""continued_id"" AS ""ids"" FROM ""id_seq"" WHERE ""continued_id"" NOT IN (SELECT ""customer_id"" FROM ""Customers"")"
205,"WITH RECURSIVE ""id"" AS (SELECT 1 AS ""num"" UNION ALL SELECT ""num""+1 FROM ""id"" WHERE ""num""<(SELECT MAX(""customer_id"") FROM ""Customers"")) SELECT ""num"" AS ""ids"" FROM ""id"" WHERE ""num"" NOT IN (SELECT ""customer_id"" FROM ""Customers"") ORDER BY ""ids"""
206,"WITH RECURSIVE ""id"" AS (SELECT 1 AS ""num"" UNION ALL SELECT ""num""+1 FROM ""id"" WHERE ""num""<(SELECT MAX(""customer_id"") FROM ""Customers"")) SELECT ""num"" AS ""ids"" FROM ""id"" WHERE ""num"" NOT IN (SELECT ""customer_id"" FROM ""Customers"") ORDER BY ""ids"""
207,"WITH RECURSIVE ""all_ids"" AS (SELECT 1 AS ""id"" UNION ALL SELECT ""id""+1 AS ""id"" FROM ""all_ids"" WHERE ""id""<(SELECT MAX(""customer_id"") AS ""max_id"" FROM ""customers"")) SELECT ""id"" AS ""ids"" FROM ""all_ids"" WHERE ""id"" NOT IN (SELECT ""customer_id"" FROM ""customers"")"
208,"WITH RECURSIVE ""id_table"" AS (SELECT 1 AS ""id"" UNION ALL SELECT ""id""+1 FROM ""id_table"" WHERE ""Id""<(SELECT MAX(""customer_id"") FROM ""Customers"")) SELECT ""id"" AS ""ids"" FROM ""Customers"" AS ""c"" RIGHT JOIN ""id_table"" AS ""i"" ON ""c"".""customer_id""=""i"".""id"" WHERE ""customer_id"" IS NULL"
209,"WITH RECURSIVE ""CTE"" (""ids"") AS (SELECT 1 AS ""ids"" UNION ALL SELECT ""ids""+1 FROM ""CTE"" WHERE ""ids""<(SELECT MAX(""customer_id"") FROM ""Customers"")) SELECT ""ids"" FROM ""CTE"" WHERE ""ids"" NOT IN (SELECT ""customer_id"" FROM ""Customers"") ORDER BY 1"
210,"WITH RECURSIVE ""cte1"" AS (SELECT 1 AS ""ids"" UNION ALL SELECT ""ids""+1 FROM ""cte1"" WHERE ""ids""<(SELECT MAX(""customer_id"") FROM ""customers"")) SELECT ""ids"" FROM ""cte1"" WHERE ""ids"" NOT IN (SELECT ""customer_id"" FROM ""customers"")"
211,"WITH ""digits"" AS (SELECT 0 AS ""d"" UNION ALL SELECT 1 AS ""d"" UNION ALL SELECT 2 AS ""d"" UNION ALL SELECT 3 AS ""d"" UNION ALL SELECT 4 AS ""d"" UNION ALL SELECT 5 AS ""d"" UNION ALL SELECT 6 AS ""d"" UNION ALL SELECT 7 AS ""d"" UNION ALL SELECT 8 AS ""d"" UNION ALL SELECT 9 AS ""d""), ""numbers"" AS (SELECT ""a"".""d""+""b"".""d""*10 AS ""num"" FROM ""digits"" AS ""a"" JOIN ""digits"" AS ""b"" GROUP BY ""num"") SELECT ""n"".""num"" AS ""ids"" FROM ""numbers"" AS ""n"" LEFT JOIN ""customers"" AS ""c"" ON ""c"".""customer_id""=""n"".""num"" WHERE ""c"".""customer_id"" IS NULL AND ""n"".""num"">0 AND ""n"".""num""<(SELECT MAX(""customer_id"") FROM ""customers"") ORDER BY ""n"".""num"""
212,"WITH RECURSIVE ""allids"" AS (SELECT 1 AS ""customer_id"" UNION ALL SELECT ""customer_id""+1 FROM ""allids"" WHERE ""customer_id""<(SELECT MAX(""customer_id"") FROM ""Customers"")) SELECT ""a"".""customer_id"" AS ""ids"" FROM ""allids"" AS ""a"" LEFT JOIN ""Customers"" AS ""b"" ON ""a"".""customer_id""=""b"".""customer_id"" WHERE ""b"".""customer_id"" IS NULL"
213,"WITH RECURSIVE ""sq"" AS (SELECT 1 AS ""start_id"" UNION ALL SELECT ""start_id""+1 FROM ""sq"" WHERE ""start_id""<(SELECT MAX(""customer_id"") FROM ""Customers"")) SELECT ""start_id"" AS ""ids"" FROM ""sq"" WHERE (""start_id"") NOT IN (SELECT ""customer_id"" FROM ""Customers"")"
214,"WITH RECURSIVE ""t"" AS (SELECT 1 AS ""id"" UNION ALL SELECT ""id""+1 FROM ""t"" WHERE ""id""<(SELECT MAX(""customer_id"") FROM ""customers"")) SELECT ""id"" AS ""ids"" FROM ""t"" WHERE ""id"" NOT IN (SELECT ""customer_id"" FROM ""customers"")"
215,"WITH RECURSIVE ""cte"" AS (SELECT 1 AS ""value"" UNION ALL SELECT ""value""+1 FROM ""cte"" WHERE ""value""<(SELECT MAX(""customer_id"") FROM ""customers"")) SELECT ""value"" AS ""ids"" FROM ""cte"" WHERE ""value"" NOT IN (SELECT ""customer_id"" FROM ""customers"")"
216,"WITH RECURSIVE ""seq"" AS (SELECT 1 AS ""val"" UNION ALL SELECT ""val""+1 FROM ""seq"" WHERE ""val""<(SELECT MAX(""customer_id"") FROM ""customers"")) SELECT ""val"" AS ""ids"" FROM ""seq"" WHERE ""val"" NOT IN (SELECT ""customer_id"" FROM ""Customers"")"
217,"WITH RECURSIVE ""cte"" AS (SELECT 1 AS ""ids"" UNION ALL SELECT ""ids""+1 FROM ""cte"" WHERE ""ids""<(SELECT MAX(""customer_id"") FROM ""Customers"")) SELECT * FROM ""cte"" WHERE ""ids"" NOT IN (SELECT ""customer_id"" FROM ""Customers"")"
218,"WITH RECURSIVE ""lst"" AS (SELECT 1 AS ""id"" UNION SELECT ""id""+1 FROM ""lst"" WHERE ""id""<(SELECT MAX(""customer_id"") FROM ""customers"")) SELECT DISTINCT ""a"".""id"" AS ""ids"" FROM ""lst"" AS ""a"" WHERE ""id"" NOT IN (SELECT ""customer_id"" FROM ""customers"")"
219,"WITH RECURSIVE ""Seq"" AS (SELECT 1 AS ""ids"" UNION SELECT ""ids""+1 FROM ""Seq"" WHERE ""ids""<(SELECT MAX(""customer_id"") FROM ""Customers"")) SELECT ""ids"" FROM ""Seq"" WHERE ""ids"" NOT IN (SELECT ""customer_id"" FROM ""Customers"")"
220,"WITH RECURSIVE ""seq"" AS (SELECT 1 AS ""con_id"" UNION SELECT ""con_id""+1 FROM ""seq"" WHERE ""con_id""<(SELECT MAX(""customer_id"") FROM ""Customers"")) SELECT ""con_id"" AS ""ids"" FROM ""seq"" WHERE ""con_id"" NOT IN (SELECT ""customer_id"" FROM ""Customers"")"
221,"WITH RECURSIVE ""All_Id"" AS (SELECT 1 AS ""id"" UNION SELECT ""id""+1 AS ""id"" FROM ""All_Id"" WHERE ""id""<(SELECT MAX(""customer_id"") FROM ""Customers"")) SELECT ""All_Id"".""id"" AS ""ids"" FROM ""All_id"" LEFT JOIN ""Customers"" ON ""All_Id"".""id""=""Customers"".""customer_id"" WHERE ""Customers"".""customer_id"" IS NULL"
222,"WITH RECURSIVE ""t1"" AS (SELECT 1 AS ""value"" UNION ALL SELECT ""value""+1 FROM ""t1"" WHERE ""value""<(SELECT MAX(""customer_id"") FROM ""customers"")) SELECT DISTINCT (""value"") AS ""ids"" FROM ""t1"" WHERE ""value"" NOT IN (SELECT ""customer_id"" FROM ""customers"") ORDER BY ""value"""
223,"WITH RECURSIVE ""seq_id"" AS (SELECT 1 AS ""id"" UNION SELECT ""id""+1 FROM ""seq_id"" WHERE ""id""<(SELECT MAX(""customer_id"") FROM ""Customers"")) SELECT ""id"" AS ""ids"" FROM ""seq_id"" WHERE ""id"" NOT IN (SELECT ""customer_id"" FROM ""Customers"")"
224,"WITH RECURSIVE ""cte"" AS (SELECT 1 AS ""customer_id"" UNION ALL SELECT ""customer_id""+1 FROM ""cte"" WHERE ""customer_id""<(SELECT MAX(""customer_id"") FROM ""customers"")) SELECT ""cte"".""customer_id"" AS ""ids"" FROM ""cte"" LEFT JOIN ""customers"" AS ""c"" USING (""customer_id"") WHERE ""c"".""customer_id"" IS NULL ORDER BY 1"
225,"WITH RECURSIVE ""cte"" AS (SELECT 1 AS ""num"" UNION SELECT ""num""+1 AS ""num"" FROM ""cte"" WHERE ""num""<100) SELECT ""num"" AS ""ids"" FROM ""cte"" WHERE NOT EXISTS (SELECT 1 FROM ""customers"" WHERE ""customer_id""=""num"") AND ""num""<=(SELECT MAX(""customer_id"") FROM ""customers"") ORDER BY ""ids"""
226,"WITH RECURSIVE ""cte"" (""ids"") AS (SELECT 1 AS ""ids"" UNION ALL SELECT ""ids""+1 FROM ""cte"" WHERE ""ids""<(SELECT MAX(""customer_id"") FROM ""Customers"")) SELECT ""ids"" FROM ""cte"" WHERE ""ids"" NOT IN (SELECT ""customer_id"" FROM ""Customers"") ORDER BY ""ids"""
227,"WITH RECURSIVE ""cte"" AS (SELECT 1 AS ""ids"" UNION ALL SELECT ""ids""+1 FROM ""cte"" WHERE ""ids""<(SELECT MAX(""customer_id"") FROM ""customers"")) SELECT ""ids"" FROM ""cte"" AS ""c"" LEFT JOIN ""customers"" AS ""m"" ON ""c"".""ids""=""m"".""customer_id"" WHERE ""m"".""customer_id"" IS NULL"
228,"WITH RECURSIVE ""cte"" AS (SELECT 1 AS ""customer_id"" UNION ALL SELECT ""customer_id""+1 AS ""customer_id"" FROM ""cte"" WHERE ""customer_id""<(SELECT MAX(""customer_id"") FROM ""Customers"")) SELECT ""customer_id"" AS ""ids"" FROM ""cte"" WHERE ""customer_id"" NOT IN (SELECT ""customer_id"" FROM ""Customers"") ORDER BY 1"
229,"WITH RECURSIVE ""CTE"" (""ids"") AS (SELECT 1 AS ""ids"" UNION ALL SELECT ""ids""+1 FROM ""CTE"" WHERE ""ids""<(SELECT MAX(""customer_id"") FROM ""Customers"")) SELECT ""ids"" FROM ""CTE"" WHERE ""ids"" NOT IN (SELECT ""customer_id"" FROM ""Customers"") ORDER BY 1"
230,"WITH RECURSIVE ""seq"" AS (SELECT 1 AS ""value"" UNION ALL SELECT ""value""+1 FROM ""seq"" WHERE ""value""<(SELECT MAX(""customer_id"") FROM ""Customers"")) SELECT DISTINCT ""s"".""value"" AS ""ids"" FROM (""seq"" AS ""s"") JOIN ""Customers"" AS ""c"" WHERE ""s"".""value"" NOT IN (SELECT ""customer_id"" FROM ""Customers"") ORDER BY 1"
231,"WITH RECURSIVE ""id"" AS (SELECT 1 AS ""num"" UNION ALL SELECT ""num""+1 FROM ""id"" WHERE ""num""<(SELECT MAX(""customer_id"") FROM ""customers"")) SELECT ""num"" AS ""ids"" FROM ""id"" WHERE ""num"" NOT IN (SELECT ""customer_id"" FROM ""customers"")"
232,"WITH RECURSIVE ""tb2"" (""ids"") AS (SELECT 1 AS ""ids"" UNION ALL SELECT ""ids""+1 FROM ""tb2"" WHERE ""ids""<(SELECT MAX(""customer_id"") FROM ""Customers"")) SELECT * FROM ""tb2"" WHERE ""ids"" NOT IN (SELECT ""customer_id"" FROM ""Customers"") ORDER BY ""ids"""
233,"WITH RECURSIVE ""CTE"" (""ids"") AS (SELECT 1 AS ""ids"" UNION ALL SELECT ""ids""+1 FROM ""CTE"" WHERE ""ids""<(SELECT MAX(""customer_id"") FROM ""Customers"")) SELECT ""ids"" FROM ""CTE"" WHERE ""ids"" NOT IN (SELECT ""customer_id"" FROM ""Customers"") ORDER BY 1"
234,"WITH RECURSIVE ""cte"" AS (SELECT 1 AS ""n"" UNION ALL SELECT ""n""+1 FROM ""cte"" WHERE ""n""<(SELECT MAX(""customer_id"") FROM ""Customers"")) SELECT ""n"" AS ""ids"" FROM ""cte"" WHERE ""n"" NOT IN (SELECT ""customer_id"" FROM ""Customers"")"
235,"WITH RECURSIVE ""ids"" AS (SELECT 1 AS ""customer_id"" UNION ALL SELECT ""customer_id""+1 AS ""customer_id"" FROM ""ids"" WHERE ""customer_id""+1<=(SELECT MAX(""customer_id"") FROM ""customers"")) SELECT ""i"".""customer_id"" AS ""ids"" FROM ""ids"" AS ""i"" LEFT JOIN ""customers"" AS ""c"" ON ""i"".""customer_id""=""c"".""customer_id"" WHERE ""c"".""customer_id"" IS NULL ORDER BY 1"
236,"WITH RECURSIVE ""cte"" (""customer_id"") AS (SELECT 1 UNION SELECT ""customer_id""+1 FROM ""cte"" WHERE ""customer_id""+1<=(SELECT MAX(""customer_id"") FROM ""customers"")) SELECT ""customer_id"" AS ""ids"" FROM ""cte"" WHERE ""customer_id"" NOT IN (SELECT ""customer_id"" FROM ""customers"")"
237,"WITH RECURSIVE ""seq"" (""n"") AS (SELECT 1 UNION ALL SELECT ""n""+1 FROM ""seq"" WHERE ""n""+1<=(SELECT MAX(""Customer_id"") FROM ""Customers"")) SELECT ""n"" AS ""ids"" FROM ""seq"" WHERE ""n"" NOT IN (SELECT DISTINCT ""customer_id"" FROM ""Customers"")"
238,"WITH RECURSIVE ""id_seq"" AS (SELECT 1 AS ""continued_id"" UNION SELECT ""continued_id""+1 FROM ""id_seq"" WHERE ""continued_id""<(SELECT MAX(""customer_id"") FROM ""Customers"")) SELECT ""continued_id"" AS ""ids"" FROM ""id_seq"" WHERE ""continued_id"" NOT IN (SELECT ""customer_id"" FROM ""Customers"")"
239,"WITH RECURSIVE ""id_seq"" AS (SELECT 1 AS ""continued_id"" UNION SELECT ""continued_id""+1 FROM ""id_seq"" WHERE ""continued_id""<(SELECT MAX(""customer_id"") FROM ""Customers"")) SELECT ""continued_id"" AS ""ids"" FROM ""id_seq"" WHERE ""continued_id"" NOT IN (SELECT ""customer_id"" FROM ""Customers"")"
240,"WITH RECURSIVE ""seq"" AS (SELECT 1 AS ""value"" UNION ALL SELECT ""value""+1 FROM ""seq"" WHERE ""value""<(SELECT MAX(""customer_id"") FROM ""customers"")) SELECT ""value"" AS ""ids"" FROM ""seq"" LEFT JOIN ""customers"" AS ""b"" ON ""seq"".""value""=""b"".""customer_id"" WHERE ""b"".""customer_id"" IS NULL"
241,"WITH RECURSIVE ""indx"" (""id"") AS (SELECT 1 UNION ALL SELECT ""id""+1 FROM ""indx"" WHERE ""id""<(SELECT MAX(""customer_id"") FROM ""customers"")) SELECT ""id"" AS ""ids"" FROM ""indx"" WHERE ""id"" NOT IN (SELECT ""customer_id"" FROM ""customers"")"
242,"WITH RECURSIVE ""seq"" AS (SELECT 1 AS ""value"" UNION ALL SELECT ""value""+1 FROM ""seq"" WHERE ""value""<(SELECT MAX(""customer_id"") FROM ""customers"")) SELECT ""value"" AS ""ids"" FROM ""seq"" WHERE ""value"" NOT IN (SELECT ""customer_id"" FROM ""customers"") ORDER BY 1"
243,"WITH RECURSIVE ""cte"" AS (SELECT 1 AS ""ids"" UNION SELECT ""ids""+1 FROM ""cte"" WHERE ""ids""<(SELECT MAX(""customer_id"") FROM ""customers"")) SELECT ""ids"" FROM ""cte"" WHERE ""ids"" NOT IN (SELECT ""customer_id"" FROM ""customers"") ORDER BY ""ids"""
244,"WITH RECURSIVE ""cte"" AS (SELECT 1 AS ""customer_id"" UNION ALL SELECT ""customer_id""+1 FROM ""cte"" WHERE ""customer_id""<(SELECT MAX(""customer_id"") FROM ""customers"")) SELECT ""cte"".""customer_id"" AS ""ids"" FROM ""cte"" LEFT JOIN ""customers"" AS ""c"" ON ""cte"".""customer_id""=""c"".""customer_id"" WHERE ""c"".""customer_id"" IS NULL ORDER BY 1"
245,"WITH RECURSIVE ""cte"" AS (SELECT 1 AS ""ids"" UNION ALL SELECT ""ids""+1 AS ""ids"" FROM ""cte"" WHERE ""ids""<(SELECT MAX(""customer_id"") FROM ""Customers"")) SELECT ""ids"" FROM ""cte"" AS ""c"" WHERE NOT EXISTS (SELECT ""customer_id"" FROM ""Customers"" AS ""c1"" WHERE ""c1"".""customer_id""=""c"".""ids"")"
246,"WITH RECURSIVE ""id"" AS (SELECT 1 AS ""ids"" UNION ALL SELECT ""ids""+1 AS ""ids"" FROM ""id"" WHERE ""ids""<(SELECT MAX(""customer_id"") FROM ""Customers"")) SELECT ""ids"" FROM ""id"" WHERE ""ids"" NOT IN (SELECT ""customer_id"" FROM ""Customers"")"
247,"WITH RECURSIVE ""r_cte"" AS (SELECT 1 AS ""customer_id"" UNION SELECT ""customer_id""+1 FROM ""r_cte"" WHERE ""customer_id""<=100) SELECT ""r"".""customer_id"" AS ""ids"" FROM ""r_cte"" AS ""r"" LEFT JOIN ""Customers"" AS ""c"" ON ""r"".""customer_id""=""c"".""customer_id"" WHERE ""c"".""customer_id"" IS NULL AND ""r"".""customer_id""<=(SELECT MAX(""customer_id"") FROM ""Customers"")"
248,"WITH RECURSIVE ""nums"" AS (SELECT 1 AS ""num_id"" UNION ALL SELECT ""num_id""+1 FROM ""nums"" WHERE ""num_id""<(SELECT MAX(""customer_id"") FROM ""Customers"")) SELECT ""nums"".""num_id"" AS ""ids"" FROM ""nums"" LEFT JOIN ""Customers"" AS ""customers"" ON ""nums"".""num_id""=""customers"".""customer_id"" WHERE ""customers"".""customer_id"" IS NULL ORDER BY ""ids"""
249,"WITH RECURSIVE ""t"" AS (SELECT 1 AS ""id"" UNION ALL SELECT ""id""+1 FROM ""t"" WHERE ""id""<(SELECT MAX(""customer_id"") FROM ""customers"")) SELECT ""id"" AS ""ids"" FROM ""t"" WHERE ""id"" NOT IN (SELECT ""customer_id"" FROM ""customers"")"
250,"WITH RECURSIVE ""t1"" AS (SELECT 1 AS ""c_id"" UNION SELECT ""t1"".""c_id""+1 FROM ""t1"" WHERE ""t1"".""c_id""<(SELECT MAX(""customer_id"") FROM ""Customers"")) SELECT ""t1"".""c_id"" AS ""ids"" FROM ""t1"" WHERE ""t1"".""c_id"" NOT IN (SELECT ""customer_id"" FROM ""Customers"")"
251,"WITH RECURSIVE ""cte"" AS (SELECT 1 AS ""id"" UNION SELECT ""id""+1 FROM ""cte"" WHERE ""id""<(SELECT MAX(""customer_id"") FROM ""customers"")) SELECT ""c"".""id"" AS ""ids"" FROM ""cte"" AS ""c"" LEFT JOIN ""customers"" AS ""cus"" ON ""c"".""id""=""cus"".""customer_id"" WHERE ""cus"".""customer_name"" IS NULL"
252,"WITH RECURSIVE ""id_seq"" AS (SELECT 1 AS ""continued_id"" UNION SELECT ""continued_id""+1 FROM ""id_seq"" WHERE ""continued_id""<(SELECT MAX(""customer_id"") FROM ""Customers"")) SELECT ""continued_id"" AS ""ids"" FROM ""id_seq"" WHERE ""continued_id"" NOT IN (SELECT ""customer_id"" FROM ""Customers"")"
253,"WITH RECURSIVE ""cte"" (""customer_id"") AS (SELECT 1 UNION ALL SELECT ""customer_id""+1 FROM ""cte"" WHERE ""customer_id""+1<=(SELECT MAX(""customer_id"") FROM ""customers"")) SELECT ""customer_id"" AS ""ids"" FROM ""cte"" WHERE ""customer_id"" NOT IN (SELECT ""customer_id"" FROM ""customers"")"
254,"WITH RECURSIVE ""cte"" (""n"") AS (SELECT 1 UNION ALL SELECT ""n""+1 FROM ""cte"" WHERE ""n""<100) SELECT ""n"" AS ""ids"" FROM ""cte"" WHERE ""n"" NOT IN (SELECT ""customer_id"" FROM ""Customers"") AND ""n""<(SELECT MAX(""customer_id"") FROM ""Customers"")"
